id,commentary_id,commentary_key,translation,language
1,23,1.1.2_Part#1_भाष्यम्,ವ್ಯಾಖ್ಯಾನ - ಇಲ್ಲಿ ನಿಮ್ಮ ಕನ್ನಡ ವ್ಯಾಖ್ಯಾನವನ್ನು ಬರೆಯಿರಿ,ka
2,23,1.1.2_Part#1_भाष्यम्,Commentary - Write your English commentary here,en
3,23,1.1.2_Part#1_भाष्यम्,వ్యాఖ్యానము - మీ తెలుగు వ్యాఖ్యానమును ఇక్కడ వ్రాయండి,te
4,23,1.1.2_Part#1_भाष्यम्,விளக்கம் - உங்கள் தமிழ் விளக்கத்தை இங்கே எழுதவும்,ta
5,23,1.1.2_Part#1_भाष्यम्,വ്യാഖ്യാനം - നിങ്ങളുടെ മലയാളം വ്യാഖ്യാനം ഇവിടെ എഴുതുക,ml
6,23,1.1.2_Part#1_भाष्यम्,ટીકા - તમારી ગુજરાતી ટીકા અહીં લખો,gu
7,23,1.1.2_Part#1_भाष्यम्,ବ୍ୟାଖ୍ୟା - ଆପଣଙ୍କର ଓଡ଼ିଆ ବ୍ୟାଖ୍ୟା ଏଠାରେ ଲେଖନ୍ତୁ,or
8,23,1.1.2_Part#1_भाष्यम्,ব্যাখ্যা - আপনার বাংলা ব্যাখ্যা এখানে লিখুন,bn
9,24,1.1.2_Part#1_तत्त्वप्रकाशिका,ಇಲ್ಲಿ ಕನ್ನಡದಲ್ಲಿ ಬರೆಯಿರಿ,ka
10,34,1.1.3_Part#1_भाष्यम्,ವ್ಯಾಖ್ಯಾನ - ಇಲ್ಲಿ ನಿಮ್ಮ ಕನ್ನಡ ವ್ಯಾಖ್ಯಾನವನ್ನು ಬರೆಯಿರಿ,ka
11,34,1.1.3_Part#1_भाष्यम्,Commentary - Write your English commentary here,en
12,45,1.1.4_Part#1_भाष्यम्,ವ್ಯಾಖ್ಯಾನ - ಇಲ್ಲಿ ನಿಮ್ಮ ಕನ್ನಡ ವ್ಯಾಖ್ಯಾನವನ್ನು ಬರೆಯಿರಿ,ka
13,45,1.1.4_Part#1_भाष्यम्,Commentary - Write your English commentary here,en
14,56,1.1.5_Part#1_भाष्यम्,ವ್ಯಾಖ್ಯಾನ - ಇಲ್ಲಿ ನಿಮ್ಮ ಕನ್ನಡ ವ್ಯಾಖ್ಯಾನವನ್ನು ಬರೆಯಿರಿ,ka
15,56,1.1.5_Part#1_भाष्यम्,Commentary - Write your English commentary here,en
16,67,1.1.6_Part#1_भाष्यम्,ವ್ಯಾಖ್ಯಾನ - ಇಲ್ಲಿ ನಿಮ್ಮ ಕನ್ನಡ ವ್ಯಾಖ್ಯಾನವನ್ನು ಬರೆಯಿರಿ,ka
17,67,1.1.6_Part#1_भाष्यम्,Commentary - Write your English commentary here,en
18,78,1.1.7_Part#1_भाष्यम्,ವ್ಯಾಖ್ಯಾನ - ಇಲ್ಲಿ ನಿಮ್ಮ ಕನ್ನಡ ವ್ಯಾಖ್ಯಾನವನ್ನು ಬರೆಯಿರಿ,ka
19,78,1.1.7_Part#1_भाष्यम्,Commentary - Write your English commentary here,en
20,89,1.1.8_Part#1_भाष्यम्,ವ್ಯಾಖ್ಯಾನ - ಇಲ್ಲಿ ನಿಮ್ಮ ಕನ್ನಡ ವ್ಯಾಖ್ಯಾನವನ್ನು ಬರೆಯಿರಿ,ka
21,89,1.1.8_Part#1_भाष्यम्,Commentary - Write your English commentary here,en
22,100,1.1.9_Part#1_भाष्यम्,ವ್ಯಾಖ್ಯಾನ - ಇಲ್ಲಿ ನಿಮ್ಮ ಕನ್ನಡ ವ್ಯಾಖ್ಯಾನವನ್ನು ಬರೆಯಿರಿ,ka
23,100,1.1.9_Part#1_भाष्यम्,Commentary - Write your English commentary here,en
24,111,1.1.10_Part#1_भाष्यम्,ವ್ಯಾಖ್ಯಾನ - ಇಲ್ಲಿ ನಿಮ್ಮ ಕನ್ನಡ ವ್ಯಾಖ್ಯಾನವನ್ನು ಬರೆಯಿರಿ,ka
25,111,1.1.10_Part#1_भाष्यम्,Commentary - Write your English commentary here,en
26,122,1.1.11_Part#1_भाष्यम्,ವ್ಯಾಖ್ಯಾನ - ಇಲ್ಲಿ ನಿಮ್ಮ ಕನ್ನಡ ವ್ಯಾಖ್ಯಾನವನ್ನು ಬರೆಯಿರಿ,ka
27,122,1.1.11_Part#1_भाष्यम्,Commentary - Write your English commentary here,en
28,133,1.1.12_Part#1_भाष्यम्,ವ್ಯಾಖ್ಯಾನ - ಇಲ್ಲಿ ನಿಮ್ಮ ಕನ್ನಡ ವ್ಯಾಖ್ಯಾನವನ್ನು ಬರೆಯಿರಿ,ka
29,133,1.1.12_Part#1_भाष्यम्,Commentary - Write your English commentary here,en
30,144,1.1.13_Part#1_भाष्यम्,ವ್ಯಾಖ್ಯಾನ - ಇಲ್ಲಿ ನಿಮ್ಮ ಕನ್ನಡ ವ್ಯಾಖ್ಯಾನವನ್ನು ಬರೆಯಿರಿ,ka
31,144,1.1.13_Part#1_भाष्यम्,Commentary - Write your English commentary here,en
32,155,1.1.14_Part#1_भाष्यम्,ವ್ಯಾಖ್ಯಾನ - ಇಲ್ಲಿ ನಿಮ್ಮ ಕನ್ನಡ ವ್ಯಾಖ್ಯಾನವನ್ನು ಬರೆಯಿರಿ,ka
33,155,1.1.14_Part#1_भाष्यम्,Commentary - Write your English commentary here,en
34,166,1.1.15_Part#1_भाष्यम्,ವ್ಯಾಖ್ಯಾನ - ಇಲ್ಲಿ ನಿಮ್ಮ ಕನ್ನಡ ವ್ಯಾಖ್ಯಾನವನ್ನು ಬರೆಯಿರಿ,ka
35,166,1.1.15_Part#1_भाष्यम्,Commentary - Write your English commentary here,en
36,177,1.1.16_Part#1_भाष्यम्,ವ್ಯಾಖ್ಯಾನ - ಇಲ್ಲಿ ನಿಮ್ಮ ಕನ್ನಡ ವ್ಯಾಖ್ಯಾನವನ್ನು ಬರೆಯಿರಿ,ka
37,177,1.1.16_Part#1_भाष्यम्,Commentary - Write your English commentary here,en
38,188,1.1.17_Part#1_भाष्यम्,ವ್ಯಾಖ್ಯಾನ - ಇಲ್ಲಿ ನಿಮ್ಮ ಕನ್ನಡ ವ್ಯಾಖ್ಯಾನವನ್ನು ಬರೆಯಿರಿ,ka
39,188,1.1.17_Part#1_भाष्यम्,Commentary - Write your English commentary here,en
40,199,1.1.18_Part#1_भाष्यम्,ವ್ಯಾಖ್ಯಾನ - ಇಲ್ಲಿ ನಿಮ್ಮ ಕನ್ನಡ ವ್ಯಾಖ್ಯಾನವನ್ನು ಬರೆಯಿರಿ,ka
41,199,1.1.18_Part#1_भाष्यम्,Commentary - Write your English commentary here,en
42,210,1.1.19_Part#1_भाष्यम्,ವ್ಯಾಖ್ಯಾನ - ಇಲ್ಲಿ ನಿಮ್ಮ ಕನ್ನಡ ವ್ಯಾಖ್ಯಾನವನ್ನು ಬರೆಯಿರಿ,ka
43,210,1.1.19_Part#1_भाष्यम्,Commentary - Write your English commentary here,en
44,221,1.1.20_Part#1_भाष्यम्,ವ್ಯಾಖ್ಯಾನ - ಇಲ್ಲಿ ನಿಮ್ಮ ಕನ್ನಡ ವ್ಯಾಖ್ಯಾನವನ್ನು ಬರೆಯಿರಿ,ka
45,221,1.1.20_Part#1_भाष्यम्,Commentary - Write your English commentary here,en
46,232,1.1.21_Part#1_भाष्यम्,ವ್ಯಾಖ್ಯಾನ - ಇಲ್ಲಿ ನಿಮ್ಮ ಕನ್ನಡ ವ್ಯಾಖ್ಯಾನವನ್ನು ಬರೆಯಿರಿ,ka
47,232,1.1.21_Part#1_भाष्यम्,Commentary - Write your English commentary here,en
48,243,1.1.22_Part#1_भाष्यम्,ವ್ಯಾಖ್ಯಾನ - ಇಲ್ಲಿ ನಿಮ್ಮ ಕನ್ನಡ ವ್ಯಾಖ್ಯಾನವನ್ನು ಬರೆಯಿರಿ,ka
49,243,1.1.22_Part#1_भाष्यम्,Commentary - Write your English commentary here,en
50,254,1.1.23_Part#1_भाष्यम्,ವ್ಯಾಖ್ಯಾನ - ಇಲ್ಲಿ ನಿಮ್ಮ ಕನ್ನಡ ವ್ಯಾಖ್ಯಾನವನ್ನು ಬರೆಯಿರಿ,ka
51,254,1.1.23_Part#1_भाष्यम्,Commentary - Write your English commentary here,en
52,265,1.1.24_Part#1_भाष्यम्,ವ್ಯಾಖ್ಯಾನ - ಇಲ್ಲಿ ನಿಮ್ಮ ಕನ್ನಡ ವ್ಯಾಖ್ಯಾನವನ್ನು ಬರೆಯಿರಿ,ka
53,265,1.1.24_Part#1_भाष्यम्,Commentary - Write your English commentary here,en
54,276,1.1.25_Part#1_भाष्यम्,ವ್ಯಾಖ್ಯಾನ - ಇಲ್ಲಿ ನಿಮ್ಮ ಕನ್ನಡ ವ್ಯಾಖ್ಯಾನವನ್ನು ಬರೆಯಿರಿ,ka
55,276,1.1.25_Part#1_भाष्यम्,Commentary - Write your English commentary here,en
56,287,1.1.26_Part#1_भाष्यम्,ವ್ಯಾಖ್ಯಾನ - ಇಲ್ಲಿ ನಿಮ್ಮ ಕನ್ನಡ ವ್ಯಾಖ್ಯಾನವನ್ನು ಬರೆಯಿರಿ,ka
57,287,1.1.26_Part#1_भाष्यम्,Commentary - Write your English commentary here,en
58,298,1.1.27_Part#1_भाष्यम्,ವ್ಯಾಖ್ಯಾನ - ಇಲ್ಲಿ ನಿಮ್ಮ ಕನ್ನಡ ವ್ಯಾಖ್ಯಾನವನ್ನು ಬರೆಯಿರಿ,ka
59,298,1.1.27_Part#1_भाष्यम्,Commentary - Write your English commentary here,en
60,309,1.1.28_Part#1_भाष्यम्,ವ್ಯಾಖ್ಯಾನ - ಇಲ್ಲಿ ನಿಮ್ಮ ಕನ್ನಡ ವ್ಯಾಖ್ಯಾನವನ್ನು ಬರೆಯಿರಿ,ka
61,309,1.1.28_Part#1_भाष्यम्,Commentary - Write your English commentary here,en
62,320,1.1.29_Part#1_भाष्यम्,ವ್ಯಾಖ್ಯಾನ - ಇಲ್ಲಿ ನಿಮ್ಮ ಕನ್ನಡ ವ್ಯಾಖ್ಯಾನವನ್ನು ಬರೆಯಿರಿ,ka
63,320,1.1.29_Part#1_भाष्यम्,Commentary - Write your English commentary here,en
64,331,1.1.30_Part#1_भाष्यम्,ವ್ಯಾಖ್ಯಾನ - ಇಲ್ಲಿ ನಿಮ್ಮ ಕನ್ನಡ ವ್ಯಾಖ್ಯಾನವನ್ನು ಬರೆಯಿರಿ,ka
65,331,1.1.30_Part#1_भाष्यम्,Commentary - Write your English commentary here,en
66,342,1.1.31_Part#1_भाष्यम्,ವ್ಯಾಖ್ಯಾನ - ಇಲ್ಲಿ ನಿಮ್ಮ ಕನ್ನಡ ವ್ಯಾಖ್ಯಾನವನ್ನು ಬರೆಯಿರಿ,ka
67,342,1.1.31_Part#1_भाष्यम्,Commentary - Write your English commentary here,en
68,353,1.2.1_Part#1_भाष्यम्,ವ್ಯಾಖ್ಯಾನ - ಇಲ್ಲಿ ನಿಮ್ಮ ಕನ್ನಡ ವ್ಯಾಖ್ಯಾನವನ್ನು ಬರೆಯಿರಿ,ka
69,353,1.2.1_Part#1_भाष्यम्,Commentary - Write your English commentary here,en
70,364,1.2.2_Part#1_भाष्यम्,ವ್ಯಾಖ್ಯಾನ - ಇಲ್ಲಿ ನಿಮ್ಮ ಕನ್ನಡ ವ್ಯಾಖ್ಯಾನವನ್ನು ಬರೆಯಿರಿ,ka
71,364,1.2.2_Part#1_भाष्यम्,Commentary - Write your English commentary here,en
72,375,1.2.3_Part#1_भाष्यम्,ವ್ಯಾಖ್ಯಾನ - ಇಲ್ಲಿ ನಿಮ್ಮ ಕನ್ನಡ ವ್ಯಾಖ್ಯಾನವನ್ನು ಬರೆಯಿರಿ,ka
73,375,1.2.3_Part#1_भाष्यम्,Commentary - Write your English commentary here,en
74,386,1.2.4_Part#1_भाष्यम्,ವ್ಯಾಖ್ಯಾನ - ಇಲ್ಲಿ ನಿಮ್ಮ ಕನ್ನಡ ವ್ಯಾಖ್ಯಾನವನ್ನು ಬರೆಯಿರಿ,ka
75,386,1.2.4_Part#1_भाष्यम्,Commentary - Write your English commentary here,en
76,397,1.2.5_Part#1_भाष्यम्,ವ್ಯಾಖ್ಯಾನ - ಇಲ್ಲಿ ನಿಮ್ಮ ಕನ್ನಡ ವ್ಯಾಖ್ಯಾನವನ್ನು ಬರೆಯಿರಿ,ka
77,397,1.2.5_Part#1_भाष्यम्,Commentary - Write your English commentary here,en
78,408,1.2.6_Part#1_भाष्यम्,ವ್ಯಾಖ್ಯಾನ - ಇಲ್ಲಿ ನಿಮ್ಮ ಕನ್ನಡ ವ್ಯಾಖ್ಯಾನವನ್ನು ಬರೆಯಿರಿ,ka
79,408,1.2.6_Part#1_भाष्यम्,Commentary - Write your English commentary here,en
80,419,1.2.7_Part#1_भाष्यम्,ವ್ಯಾಖ್ಯಾನ - ಇಲ್ಲಿ ನಿಮ್ಮ ಕನ್ನಡ ವ್ಯಾಖ್ಯಾನವನ್ನು ಬರೆಯಿರಿ,ka
81,419,1.2.7_Part#1_भाष्यम्,Commentary - Write your English commentary here,en
82,430,1.2.8_Part#1_भाष्यम्,ವ್ಯಾಖ್ಯಾನ - ಇಲ್ಲಿ ನಿಮ್ಮ ಕನ್ನಡ ವ್ಯಾಖ್ಯಾನವನ್ನು ಬರೆಯಿರಿ,ka
83,430,1.2.8_Part#1_भाष्यम्,Commentary - Write your English commentary here,en
84,441,1.2.9_Part#1_भाष्यम्,ವ್ಯಾಖ್ಯಾನ - ಇಲ್ಲಿ ನಿಮ್ಮ ಕನ್ನಡ ವ್ಯಾಖ್ಯಾನವನ್ನು ಬರೆಯಿರಿ,ka
85,441,1.2.9_Part#1_भाष्यम्,Commentary - Write your English commentary here,en
86,452,1.2.10_Part#1_भाष्यम्,ವ್ಯಾಖ್ಯಾನ - ಇಲ್ಲಿ ನಿಮ್ಮ ಕನ್ನಡ ವ್ಯಾಖ್ಯಾನವನ್ನು ಬರೆಯಿರಿ,ka
87,452,1.2.10_Part#1_भाष्यम्,Commentary - Write your English commentary here,en
88,463,1.2.11_Part#1_भाष्यम्,ವ್ಯಾಖ್ಯಾನ - ಇಲ್ಲಿ ನಿಮ್ಮ ಕನ್ನಡ ವ್ಯಾಖ್ಯಾನವನ್ನು ಬರೆಯಿರಿ,ka
89,463,1.2.11_Part#1_भाष्यम्,Commentary - Write your English commentary here,en
90,474,1.2.12_Part#1_भाष्यम्,ವ್ಯಾಖ್ಯಾನ - ಇಲ್ಲಿ ನಿಮ್ಮ ಕನ್ನಡ ವ್ಯಾಖ್ಯಾನವನ್ನು ಬರೆಯಿರಿ,ka
91,474,1.2.12_Part#1_भाष्यम्,Commentary - Write your English commentary here,en
92,485,1.2.13_Part#1_भाष्यम्,ವ್ಯಾಖ್ಯಾನ - ಇಲ್ಲಿ ನಿಮ್ಮ ಕನ್ನಡ ವ್ಯಾಖ್ಯಾನವನ್ನು ಬರೆಯಿರಿ,ka
93,485,1.2.13_Part#1_भाष्यम्,Commentary - Write your English commentary here,en
94,496,1.2.14_Part#1_भाष्यम्,ವ್ಯಾಖ್ಯಾನ - ಇಲ್ಲಿ ನಿಮ್ಮ ಕನ್ನಡ ವ್ಯಾಖ್ಯಾನವನ್ನು ಬರೆಯಿರಿ,ka
95,496,1.2.14_Part#1_भाष्यम्,Commentary - Write your English commentary here,en
96,507,1.2.15_Part#1_भाष्यम्,ವ್ಯಾಖ್ಯಾನ - ಇಲ್ಲಿ ನಿಮ್ಮ ಕನ್ನಡ ವ್ಯಾಖ್ಯಾನವನ್ನು ಬರೆಯಿರಿ,ka
97,507,1.2.15_Part#1_भाष्यम्,Commentary - Write your English commentary here,en
98,518,1.2.16_Part#1_भाष्यम्,ವ್ಯಾಖ್ಯಾನ - ಇಲ್ಲಿ ನಿಮ್ಮ ಕನ್ನಡ ವ್ಯಾಖ್ಯಾನವನ್ನು ಬರೆಯಿರಿ,ka
99,518,1.2.16_Part#1_भाष्यम्,Commentary - Write your English commentary here,en
100,529,1.2.17_Part#1_भाष्यम्,ವ್ಯಾಖ್ಯಾನ - ಇಲ್ಲಿ ನಿಮ್ಮ ಕನ್ನಡ ವ್ಯಾಖ್ಯಾನವನ್ನು ಬರೆಯಿರಿ,ka
101,529,1.2.17_Part#1_भाष्यम्,Commentary - Write your English commentary here,en
102,540,1.2.18_Part#1_भाष्यम्,ವ್ಯಾಖ್ಯಾನ - ಇಲ್ಲಿ ನಿಮ್ಮ ಕನ್ನಡ ವ್ಯಾಖ್ಯಾನವನ್ನು ಬರೆಯಿರಿ,ka
103,540,1.2.18_Part#1_भाष्यम्,Commentary - Write your English commentary here,en
104,551,1.2.19_Part#1_भाष्यम्,ವ್ಯಾಖ್ಯಾನ - ಇಲ್ಲಿ ನಿಮ್ಮ ಕನ್ನಡ ವ್ಯಾಖ್ಯಾನವನ್ನು ಬರೆಯಿರಿ,ka
105,551,1.2.19_Part#1_भाष्यम्,Commentary - Write your English commentary here,en
106,562,1.2.20_Part#1_भाष्यम्,ವ್ಯಾಖ್ಯಾನ - ಇಲ್ಲಿ ನಿಮ್ಮ ಕನ್ನಡ ವ್ಯಾಖ್ಯಾನವನ್ನು ಬರೆಯಿರಿ,ka
107,562,1.2.20_Part#1_भाष्यम्,Commentary - Write your English commentary here,en
108,573,1.2.21_Part#1_भाष्यम्,ವ್ಯಾಖ್ಯಾನ - ಇಲ್ಲಿ ನಿಮ್ಮ ಕನ್ನಡ ವ್ಯಾಖ್ಯಾನವನ್ನು ಬರೆಯಿರಿ,ka
109,573,1.2.21_Part#1_भाष्यम्,Commentary - Write your English commentary here,en
110,584,1.2.22_Part#1_भाष्यम्,ವ್ಯಾಖ್ಯಾನ - ಇಲ್ಲಿ ನಿಮ್ಮ ಕನ್ನಡ ವ್ಯಾಖ್ಯಾನವನ್ನು ಬರೆಯಿರಿ,ka
111,584,1.2.22_Part#1_भाष्यम्,Commentary - Write your English commentary here,en
112,595,1.2.23_Part#1_भाष्यम्,ವ್ಯಾಖ್ಯಾನ - ಇಲ್ಲಿ ನಿಮ್ಮ ಕನ್ನಡ ವ್ಯಾಖ್ಯಾನವನ್ನು ಬರೆಯಿರಿ,ka
113,595,1.2.23_Part#1_भाष्यम्,Commentary - Write your English commentary here,en
114,606,1.2.24_Part#1_भाष्यम्,ವ್ಯಾಖ್ಯಾನ - ಇಲ್ಲಿ ನಿಮ್ಮ ಕನ್ನಡ ವ್ಯಾಖ್ಯಾನವನ್ನು ಬರೆಯಿರಿ,ka
115,606,1.2.24_Part#1_भाष्यम्,Commentary - Write your English commentary here,en
116,617,1.2.25_Part#1_भाष्यम्,ವ್ಯಾಖ್ಯಾನ - ಇಲ್ಲಿ ನಿಮ್ಮ ಕನ್ನಡ ವ್ಯಾಖ್ಯಾನವನ್ನು ಬರೆಯಿರಿ,ka
117,617,1.2.25_Part#1_भाष्यम्,Commentary - Write your English commentary here,en
118,628,1.2.26_Part#1_भाष्यम्,ವ್ಯಾಖ್ಯಾನ - ಇಲ್ಲಿ ನಿಮ್ಮ ಕನ್ನಡ ವ್ಯಾಖ್ಯಾನವನ್ನು ಬರೆಯಿರಿ,ka
119,628,1.2.26_Part#1_भाष्यम्,Commentary - Write your English commentary here,en
120,639,1.2.27_Part#1_भाष्यम्,ವ್ಯಾಖ್ಯಾನ - ಇಲ್ಲಿ ನಿಮ್ಮ ಕನ್ನಡ ವ್ಯಾಖ್ಯಾನವನ್ನು ಬರೆಯಿರಿ,ka
121,639,1.2.27_Part#1_भाष्यम्,Commentary - Write your English commentary here,en
122,650,1.2.28_Part#1_भाष्यम्,ವ್ಯಾಖ್ಯಾನ - ಇಲ್ಲಿ ನಿಮ್ಮ ಕನ್ನಡ ವ್ಯಾಖ್ಯಾನವನ್ನು ಬರೆಯಿರಿ,ka
123,650,1.2.28_Part#1_भाष्यम्,Commentary - Write your English commentary here,en
124,661,1.2.29_Part#1_भाष्यम्,ವ್ಯಾಖ್ಯಾನ - ಇಲ್ಲಿ ನಿಮ್ಮ ಕನ್ನಡ ವ್ಯಾಖ್ಯಾನವನ್ನು ಬರೆಯಿರಿ,ka
125,661,1.2.29_Part#1_भाष्यम्,Commentary - Write your English commentary here,en
126,672,1.2.30_Part#1_भाष्यम्,ವ್ಯಾಖ್ಯಾನ - ಇಲ್ಲಿ ನಿಮ್ಮ ಕನ್ನಡ ವ್ಯಾಖ್ಯಾನವನ್ನು ಬರೆಯಿರಿ,ka
127,672,1.2.30_Part#1_भाष्यम्,Commentary - Write your English commentary here,en
128,683,1.2.31_Part#1_भाष्यम्,ವ್ಯಾಖ್ಯಾನ - ಇಲ್ಲಿ ನಿಮ್ಮ ಕನ್ನಡ ವ್ಯಾಖ್ಯಾನವನ್ನು ಬರೆಯಿರಿ,ka
129,683,1.2.31_Part#1_भाष्यम्,Commentary - Write your English commentary here,en
130,694,1.2.32_Part#1_भाष्यम्,ವ್ಯಾಖ್ಯಾನ - ಇಲ್ಲಿ ನಿಮ್ಮ ಕನ್ನಡ ವ್ಯಾಖ್ಯಾನವನ್ನು ಬರೆಯಿರಿ,ka
131,694,1.2.32_Part#1_भाष्यम्,Commentary - Write your English commentary here,en
132,705,1.3.1_Part#1_भाष्यम्,ವ್ಯಾಖ್ಯಾನ - ಇಲ್ಲಿ ನಿಮ್ಮ ಕನ್ನಡ ವ್ಯಾಖ್ಯಾನವನ್ನು ಬರೆಯಿರಿ,ka
133,705,1.3.1_Part#1_भाष्यम्,Commentary - Write your English commentary here,en
134,716,1.3.2_Part#1_भाष्यम्,ವ್ಯಾಖ್ಯಾನ - ಇಲ್ಲಿ ನಿಮ್ಮ ಕನ್ನಡ ವ್ಯಾಖ್ಯಾನವನ್ನು ಬರೆಯಿರಿ,ka
135,716,1.3.2_Part#1_भाष्यम्,Commentary - Write your English commentary here,en
136,727,1.3.3_Part#1_भाष्यम्,ವ್ಯಾಖ್ಯಾನ - ಇಲ್ಲಿ ನಿಮ್ಮ ಕನ್ನಡ ವ್ಯಾಖ್ಯಾನವನ್ನು ಬರೆಯಿರಿ,ka
137,727,1.3.3_Part#1_भाष्यम्,Commentary - Write your English commentary here,en
138,738,1.3.4_Part#1_भाष्यम्,ವ್ಯಾಖ್ಯಾನ - ಇಲ್ಲಿ ನಿಮ್ಮ ಕನ್ನಡ ವ್ಯಾಖ್ಯಾನವನ್ನು ಬರೆಯಿರಿ,ka
139,738,1.3.4_Part#1_भाष्यम्,Commentary - Write your English commentary here,en
140,749,1.3.5_Part#1_भाष्यम्,ವ್ಯಾಖ್ಯಾನ - ಇಲ್ಲಿ ನಿಮ್ಮ ಕನ್ನಡ ವ್ಯಾಖ್ಯಾನವನ್ನು ಬರೆಯಿರಿ,ka
141,749,1.3.5_Part#1_भाष्यम्,Commentary - Write your English commentary here,en
142,760,1.3.6_Part#1_भाष्यम्,ವ್ಯಾಖ್ಯಾನ - ಇಲ್ಲಿ ನಿಮ್ಮ ಕನ್ನಡ ವ್ಯಾಖ್ಯಾನವನ್ನು ಬರೆಯಿರಿ,ka
143,760,1.3.6_Part#1_भाष्यम्,Commentary - Write your English commentary here,en
144,771,1.3.7_Part#1_भाष्यम्,ವ್ಯಾಖ್ಯಾನ - ಇಲ್ಲಿ ನಿಮ್ಮ ಕನ್ನಡ ವ್ಯಾಖ್ಯಾನವನ್ನು ಬರೆಯಿರಿ,ka
145,771,1.3.7_Part#1_भाष्यम्,Commentary - Write your English commentary here,en
146,782,1.3.8_Part#1_भाष्यम्,ವ್ಯಾಖ್ಯಾನ - ಇಲ್ಲಿ ನಿಮ್ಮ ಕನ್ನಡ ವ್ಯಾಖ್ಯಾನವನ್ನು ಬರೆಯಿರಿ,ka
147,782,1.3.8_Part#1_भाष्यम्,Commentary - Write your English commentary here,en
148,793,1.3.9_Part#1_भाष्यम्,ವ್ಯಾಖ್ಯಾನ - ಇಲ್ಲಿ ನಿಮ್ಮ ಕನ್ನಡ ವ್ಯಾಖ್ಯಾನವನ್ನು ಬರೆಯಿರಿ,ka
149,793,1.3.9_Part#1_भाष्यम्,Commentary - Write your English commentary here,en
150,804,1.3.10_Part#1_भाष्यम्,ವ್ಯಾಖ್ಯಾನ - ಇಲ್ಲಿ ನಿಮ್ಮ ಕನ್ನಡ ವ್ಯಾಖ್ಯಾನವನ್ನು ಬರೆಯಿರಿ,ka
151,804,1.3.10_Part#1_भाष्यम्,Commentary - Write your English commentary here,en
152,815,1.3.11_Part#1_भाष्यम्,ವ್ಯಾಖ್ಯಾನ - ಇಲ್ಲಿ ನಿಮ್ಮ ಕನ್ನಡ ವ್ಯಾಖ್ಯಾನವನ್ನು ಬರೆಯಿರಿ,ka
153,815,1.3.11_Part#1_भाष्यम्,Commentary - Write your English commentary here,en
154,826,1.3.12_Part#1_भाष्यम्,ವ್ಯಾಖ್ಯಾನ - ಇಲ್ಲಿ ನಿಮ್ಮ ಕನ್ನಡ ವ್ಯಾಖ್ಯಾನವನ್ನು ಬರೆಯಿರಿ,ka
155,826,1.3.12_Part#1_भाष्यम्,Commentary - Write your English commentary here,en
156,837,1.3.13_Part#1_भाष्यम्,ವ್ಯಾಖ್ಯಾನ - ಇಲ್ಲಿ ನಿಮ್ಮ ಕನ್ನಡ ವ್ಯಾಖ್ಯಾನವನ್ನು ಬರೆಯಿರಿ,ka
157,837,1.3.13_Part#1_भाष्यम्,Commentary - Write your English commentary here,en
158,848,1.3.14_Part#1_भाष्यम्,ವ್ಯಾಖ್ಯಾನ - ಇಲ್ಲಿ ನಿಮ್ಮ ಕನ್ನಡ ವ್ಯಾಖ್ಯಾನವನ್ನು ಬರೆಯಿರಿ,ka
159,848,1.3.14_Part#1_भाष्यम्,Commentary - Write your English commentary here,en
160,859,1.3.15_Part#1_भाष्यम्,ವ್ಯಾಖ್ಯಾನ - ಇಲ್ಲಿ ನಿಮ್ಮ ಕನ್ನಡ ವ್ಯಾಖ್ಯಾನವನ್ನು ಬರೆಯಿರಿ,ka
161,859,1.3.15_Part#1_भाष्यम्,Commentary - Write your English commentary here,en
162,870,1.3.16_Part#1_भाष्यम्,ವ್ಯಾಖ್ಯಾನ - ಇಲ್ಲಿ ನಿಮ್ಮ ಕನ್ನಡ ವ್ಯಾಖ್ಯಾನವನ್ನು ಬರೆಯಿರಿ,ka
163,870,1.3.16_Part#1_भाष्यम्,Commentary - Write your English commentary here,en
164,881,1.3.17_Part#1_भाष्यम्,ವ್ಯಾಖ್ಯಾನ - ಇಲ್ಲಿ ನಿಮ್ಮ ಕನ್ನಡ ವ್ಯಾಖ್ಯಾನವನ್ನು ಬರೆಯಿರಿ,ka
165,881,1.3.17_Part#1_भाष्यम्,Commentary - Write your English commentary here,en
166,892,1.3.18_Part#1_भाष्यम्,ವ್ಯಾಖ್ಯಾನ - ಇಲ್ಲಿ ನಿಮ್ಮ ಕನ್ನಡ ವ್ಯಾಖ್ಯಾನವನ್ನು ಬರೆಯಿರಿ,ka
167,892,1.3.18_Part#1_भाष्यम्,Commentary - Write your English commentary here,en
168,903,1.3.19_Part#1_भाष्यम्,ವ್ಯಾಖ್ಯಾನ - ಇಲ್ಲಿ ನಿಮ್ಮ ಕನ್ನಡ ವ್ಯಾಖ್ಯಾನವನ್ನು ಬರೆಯಿರಿ,ka
169,903,1.3.19_Part#1_भाष्यम्,Commentary - Write your English commentary here,en
170,914,1.3.20_Part#1_भाष्यम्,ವ್ಯಾಖ್ಯಾನ - ಇಲ್ಲಿ ನಿಮ್ಮ ಕನ್ನಡ ವ್ಯಾಖ್ಯಾನವನ್ನು ಬರೆಯಿರಿ,ka
171,914,1.3.20_Part#1_भाष्यम्,Commentary - Write your English commentary here,en
172,925,1.3.21_Part#1_भाष्यम्,ವ್ಯಾಖ್ಯಾನ - ಇಲ್ಲಿ ನಿಮ್ಮ ಕನ್ನಡ ವ್ಯಾಖ್ಯಾನವನ್ನು ಬರೆಯಿರಿ,ka
173,925,1.3.21_Part#1_भाष्यम्,Commentary - Write your English commentary here,en
174,936,1.3.22_Part#1_भाष्यम्,ವ್ಯಾಖ್ಯಾನ - ಇಲ್ಲಿ ನಿಮ್ಮ ಕನ್ನಡ ವ್ಯಾಖ್ಯಾನವನ್ನು ಬರೆಯಿರಿ,ka
175,936,1.3.22_Part#1_भाष्यम्,Commentary - Write your English commentary here,en
176,947,1.3.23_Part#1_भाष्यम्,ವ್ಯಾಖ್ಯಾನ - ಇಲ್ಲಿ ನಿಮ್ಮ ಕನ್ನಡ ವ್ಯಾಖ್ಯಾನವನ್ನು ಬರೆಯಿರಿ,ka
177,947,1.3.23_Part#1_भाष्यम्,Commentary - Write your English commentary here,en
178,958,1.3.24_Part#1_भाष्यम्,ವ್ಯಾಖ್ಯಾನ - ಇಲ್ಲಿ ನಿಮ್ಮ ಕನ್ನಡ ವ್ಯಾಖ್ಯಾನವನ್ನು ಬರೆಯಿರಿ,ka
179,958,1.3.24_Part#1_भाष्यम्,Commentary - Write your English commentary here,en
180,969,1.3.25_Part#1_भाष्यम्,ವ್ಯಾಖ್ಯಾನ - ಇಲ್ಲಿ ನಿಮ್ಮ ಕನ್ನಡ ವ್ಯಾಖ್ಯಾನವನ್ನು ಬರೆಯಿರಿ,ka
181,969,1.3.25_Part#1_भाष्यम्,Commentary - Write your English commentary here,en
182,980,1.3.26_Part#1_भाष्यम्,ವ್ಯಾಖ್ಯಾನ - ಇಲ್ಲಿ ನಿಮ್ಮ ಕನ್ನಡ ವ್ಯಾಖ್ಯಾನವನ್ನು ಬರೆಯಿರಿ,ka
183,980,1.3.26_Part#1_भाष्यम्,Commentary - Write your English commentary here,en
184,991,1.3.27_Part#1_भाष्यम्,ವ್ಯಾಖ್ಯಾನ - ಇಲ್ಲಿ ನಿಮ್ಮ ಕನ್ನಡ ವ್ಯಾಖ್ಯಾನವನ್ನು ಬರೆಯಿರಿ,ka
185,991,1.3.27_Part#1_भाष्यम्,Commentary - Write your English commentary here,en
186,1002,1.3.28_Part#1_भाष्यम्,ವ್ಯಾಖ್ಯಾನ - ಇಲ್ಲಿ ನಿಮ್ಮ ಕನ್ನಡ ವ್ಯಾಖ್ಯಾನವನ್ನು ಬರೆಯಿರಿ,ka
187,1002,1.3.28_Part#1_भाष्यम्,Commentary - Write your English commentary here,en
188,1013,1.3.29_Part#1_भाष्यम्,ವ್ಯಾಖ್ಯಾನ - ಇಲ್ಲಿ ನಿಮ್ಮ ಕನ್ನಡ ವ್ಯಾಖ್ಯಾನವನ್ನು ಬರೆಯಿರಿ,ka
189,1013,1.3.29_Part#1_भाष्यम्,Commentary - Write your English commentary here,en
190,1024,1.3.30_Part#1_भाष्यम्,ವ್ಯಾಖ್ಯಾನ - ಇಲ್ಲಿ ನಿಮ್ಮ ಕನ್ನಡ ವ್ಯಾಖ್ಯಾನವನ್ನು ಬರೆಯಿರಿ,ka
191,1024,1.3.30_Part#1_भाष्यम्,Commentary - Write your English commentary here,en
192,1035,1.3.31_Part#1_भाष्यम्,ವ್ಯಾಖ್ಯಾನ - ಇಲ್ಲಿ ನಿಮ್ಮ ಕನ್ನಡ ವ್ಯಾಖ್ಯಾನವನ್ನು ಬರೆಯಿರಿ,ka
193,1035,1.3.31_Part#1_भाष्यम्,Commentary - Write your English commentary here,en
194,1046,1.3.32_Part#1_भाष्यम्,ವ್ಯಾಖ್ಯಾನ - ಇಲ್ಲಿ ನಿಮ್ಮ ಕನ್ನಡ ವ್ಯಾಖ್ಯಾನವನ್ನು ಬರೆಯಿರಿ,ka
195,1046,1.3.32_Part#1_भाष्यम्,Commentary - Write your English commentary here,en
196,1057,1.3.33_Part#1_भाष्यम्,ವ್ಯಾಖ್ಯಾನ - ಇಲ್ಲಿ ನಿಮ್ಮ ಕನ್ನಡ ವ್ಯಾಖ್ಯಾನವನ್ನು ಬರೆಯಿರಿ,ka
197,1057,1.3.33_Part#1_भाष्यम्,Commentary - Write your English commentary here,en
198,1068,1.3.34_Part#1_भाष्यम्,ವ್ಯಾಖ್ಯಾನ - ಇಲ್ಲಿ ನಿಮ್ಮ ಕನ್ನಡ ವ್ಯಾಖ್ಯಾನವನ್ನು ಬರೆಯಿರಿ,ka
199,1068,1.3.34_Part#1_भाष्यम्,Commentary - Write your English commentary here,en
200,1079,1.3.35_Part#1_भाष्यम्,ವ್ಯಾಖ್ಯಾನ - ಇಲ್ಲಿ ನಿಮ್ಮ ಕನ್ನಡ ವ್ಯಾಖ್ಯಾನವನ್ನು ಬರೆಯಿರಿ,ka
201,1079,1.3.35_Part#1_भाष्यम्,Commentary - Write your English commentary here,en
202,1090,1.3.36_Part#1_भाष्यम्,ವ್ಯಾಖ್ಯಾನ - ಇಲ್ಲಿ ನಿಮ್ಮ ಕನ್ನಡ ವ್ಯಾಖ್ಯಾನವನ್ನು ಬರೆಯಿರಿ,ka
203,1090,1.3.36_Part#1_भाष्यम्,Commentary - Write your English commentary here,en
204,1101,1.3.37_Part#1_भाष्यम्,ವ್ಯಾಖ್ಯಾನ - ಇಲ್ಲಿ ನಿಮ್ಮ ಕನ್ನಡ ವ್ಯಾಖ್ಯಾನವನ್ನು ಬರೆಯಿರಿ,ka
205,1101,1.3.37_Part#1_भाष्यम्,Commentary - Write your English commentary here,en
206,1112,1.3.38_Part#1_भाष्यम्,ವ್ಯಾಖ್ಯಾನ - ಇಲ್ಲಿ ನಿಮ್ಮ ಕನ್ನಡ ವ್ಯಾಖ್ಯಾನವನ್ನು ಬರೆಯಿರಿ,ka
207,1112,1.3.38_Part#1_भाष्यम्,Commentary - Write your English commentary here,en
208,1123,1.3.39_Part#1_भाष्यम्,ವ್ಯಾಖ್ಯಾನ - ಇಲ್ಲಿ ನಿಮ್ಮ ಕನ್ನಡ ವ್ಯಾಖ್ಯಾನವನ್ನು ಬರೆಯಿರಿ,ka
209,1123,1.3.39_Part#1_भाष्यम्,Commentary - Write your English commentary here,en
210,1134,1.3.40_Part#1_भाष्यम्,ವ್ಯಾಖ್ಯಾನ - ಇಲ್ಲಿ ನಿಮ್ಮ ಕನ್ನಡ ವ್ಯಾಖ್ಯಾನವನ್ನು ಬರೆಯಿರಿ,ka
211,1134,1.3.40_Part#1_भाष्यम्,Commentary - Write your English commentary here,en
212,1145,1.3.41_Part#1_भाष्यम्,ವ್ಯಾಖ್ಯಾನ - ಇಲ್ಲಿ ನಿಮ್ಮ ಕನ್ನಡ ವ್ಯಾಖ್ಯಾನವನ್ನು ಬರೆಯಿರಿ,ka
213,1145,1.3.41_Part#1_भाष्यम्,Commentary - Write your English commentary here,en
214,1156,1.3.42_Part#1_भाष्यम्,ವ್ಯಾಖ್ಯಾನ - ಇಲ್ಲಿ ನಿಮ್ಮ ಕನ್ನಡ ವ್ಯಾಖ್ಯಾನವನ್ನು ಬರೆಯಿರಿ,ka
215,1156,1.3.42_Part#1_भाष्यम्,Commentary - Write your English commentary here,en
216,1167,1.3.43_Part#1_भाष्यम्,ವ್ಯಾಖ್ಯಾನ - ಇಲ್ಲಿ ನಿಮ್ಮ ಕನ್ನಡ ವ್ಯಾಖ್ಯಾನವನ್ನು ಬರೆಯಿರಿ,ka
217,1167,1.3.43_Part#1_भाष्यम्,Commentary - Write your English commentary here,en
218,1178,1.4.1_Part#1_भाष्यम्,ವ್ಯಾಖ್ಯಾನ - ಇಲ್ಲಿ ನಿಮ್ಮ ಕನ್ನಡ ವ್ಯಾಖ್ಯಾನವನ್ನು ಬರೆಯಿರಿ,ka
219,1178,1.4.1_Part#1_भाष्यम्,Commentary - Write your English commentary here,en
220,1189,1.4.2_Part#1_भाष्यम्,ವ್ಯಾಖ್ಯಾನ - ಇಲ್ಲಿ ನಿಮ್ಮ ಕನ್ನಡ ವ್ಯಾಖ್ಯಾನವನ್ನು ಬರೆಯಿರಿ,ka
221,1189,1.4.2_Part#1_भाष्यम्,Commentary - Write your English commentary here,en
222,1200,1.4.3_Part#1_भाष्यम्,ವ್ಯಾಖ್ಯಾನ - ಇಲ್ಲಿ ನಿಮ್ಮ ಕನ್ನಡ ವ್ಯಾಖ್ಯಾನವನ್ನು ಬರೆಯಿರಿ,ka
223,1200,1.4.3_Part#1_भाष्यम्,Commentary - Write your English commentary here,en
224,1211,1.4.4_Part#1_भाष्यम्,ವ್ಯಾಖ್ಯಾನ - ಇಲ್ಲಿ ನಿಮ್ಮ ಕನ್ನಡ ವ್ಯಾಖ್ಯಾನವನ್ನು ಬರೆಯಿರಿ,ka
225,1211,1.4.4_Part#1_भाष्यम्,Commentary - Write your English commentary here,en
226,1222,1.4.5_Part#1_भाष्यम्,ವ್ಯಾಖ್ಯಾನ - ಇಲ್ಲಿ ನಿಮ್ಮ ಕನ್ನಡ ವ್ಯಾಖ್ಯಾನವನ್ನು ಬರೆಯಿರಿ,ka
227,1222,1.4.5_Part#1_भाष्यम्,Commentary - Write your English commentary here,en
228,1233,1.4.6_Part#1_भाष्यम्,ವ್ಯಾಖ್ಯಾನ - ಇಲ್ಲಿ ನಿಮ್ಮ ಕನ್ನಡ ವ್ಯಾಖ್ಯಾನವನ್ನು ಬರೆಯಿರಿ,ka
229,1233,1.4.6_Part#1_भाष्यम्,Commentary - Write your English commentary here,en
230,1244,1.4.7_Part#1_भाष्यम्,ವ್ಯಾಖ್ಯಾನ - ಇಲ್ಲಿ ನಿಮ್ಮ ಕನ್ನಡ ವ್ಯಾಖ್ಯಾನವನ್ನು ಬರೆಯಿರಿ,ka
231,1244,1.4.7_Part#1_भाष्यम्,Commentary - Write your English commentary here,en
232,1255,1.4.8_Part#1_भाष्यम्,ವ್ಯಾಖ್ಯಾನ - ಇಲ್ಲಿ ನಿಮ್ಮ ಕನ್ನಡ ವ್ಯಾಖ್ಯಾನವನ್ನು ಬರೆಯಿರಿ,ka
233,1255,1.4.8_Part#1_भाष्यम्,Commentary - Write your English commentary here,en
234,1266,1.4.9_Part#1_भाष्यम्,ವ್ಯಾಖ್ಯಾನ - ಇಲ್ಲಿ ನಿಮ್ಮ ಕನ್ನಡ ವ್ಯಾಖ್ಯಾನವನ್ನು ಬರೆಯಿರಿ,ka
235,1266,1.4.9_Part#1_भाष्यम्,Commentary - Write your English commentary here,en
236,1277,1.4.10_Part#1_भाष्यम्,ವ್ಯಾಖ್ಯಾನ - ಇಲ್ಲಿ ನಿಮ್ಮ ಕನ್ನಡ ವ್ಯಾಖ್ಯಾನವನ್ನು ಬರೆಯಿರಿ,ka
237,1277,1.4.10_Part#1_भाष्यम्,Commentary - Write your English commentary here,en
238,1288,1.4.11_Part#1_भाष्यम्,ವ್ಯಾಖ್ಯಾನ - ಇಲ್ಲಿ ನಿಮ್ಮ ಕನ್ನಡ ವ್ಯಾಖ್ಯಾನವನ್ನು ಬರೆಯಿರಿ,ka
239,1288,1.4.11_Part#1_भाष्यम्,Commentary - Write your English commentary here,en
240,1299,1.4.12_Part#1_भाष्यम्,ವ್ಯಾಖ್ಯಾನ - ಇಲ್ಲಿ ನಿಮ್ಮ ಕನ್ನಡ ವ್ಯಾಖ್ಯಾನವನ್ನು ಬರೆಯಿರಿ,ka
241,1299,1.4.12_Part#1_भाष्यम्,Commentary - Write your English commentary here,en
242,1310,1.4.13_Part#1_भाष्यम्,ವ್ಯಾಖ್ಯಾನ - ಇಲ್ಲಿ ನಿಮ್ಮ ಕನ್ನಡ ವ್ಯಾಖ್ಯಾನವನ್ನು ಬರೆಯಿರಿ,ka
243,1310,1.4.13_Part#1_भाष्यम्,Commentary - Write your English commentary here,en
244,1321,1.4.14_Part#1_भाष्यम्,ವ್ಯಾಖ್ಯಾನ - ಇಲ್ಲಿ ನಿಮ್ಮ ಕನ್ನಡ ವ್ಯಾಖ್ಯಾನವನ್ನು ಬರೆಯಿರಿ,ka
245,1321,1.4.14_Part#1_भाष्यम्,Commentary - Write your English commentary here,en
246,1332,1.4.15_Part#1_भाष्यम्,ವ್ಯಾಖ್ಯಾನ - ಇಲ್ಲಿ ನಿಮ್ಮ ಕನ್ನಡ ವ್ಯಾಖ್ಯಾನವನ್ನು ಬರೆಯಿರಿ,ka
247,1332,1.4.15_Part#1_भाष्यम्,Commentary - Write your English commentary here,en
248,1343,1.4.16_Part#1_भाष्यम्,ವ್ಯಾಖ್ಯಾನ - ಇಲ್ಲಿ ನಿಮ್ಮ ಕನ್ನಡ ವ್ಯಾಖ್ಯಾನವನ್ನು ಬರೆಯಿರಿ,ka
249,1343,1.4.16_Part#1_भाष्यम्,Commentary - Write your English commentary here,en
250,1354,1.4.17_Part#1_भाष्यम्,ವ್ಯಾಖ್ಯಾನ - ಇಲ್ಲಿ ನಿಮ್ಮ ಕನ್ನಡ ವ್ಯಾಖ್ಯಾನವನ್ನು ಬರೆಯಿರಿ,ka
251,1354,1.4.17_Part#1_भाष्यम्,Commentary - Write your English commentary here,en
252,1365,1.4.18_Part#1_भाष्यम्,ವ್ಯಾಖ್ಯಾನ - ಇಲ್ಲಿ ನಿಮ್ಮ ಕನ್ನಡ ವ್ಯಾಖ್ಯಾನವನ್ನು ಬರೆಯಿರಿ,ka
253,1365,1.4.18_Part#1_भाष्यम्,Commentary - Write your English commentary here,en
254,1376,1.4.19_Part#1_भाष्यम्,ವ್ಯಾಖ್ಯಾನ - ಇಲ್ಲಿ ನಿಮ್ಮ ಕನ್ನಡ ವ್ಯಾಖ್ಯಾನವನ್ನು ಬರೆಯಿರಿ,ka
255,1376,1.4.19_Part#1_भाष्यम्,Commentary - Write your English commentary here,en
256,1387,1.4.20_Part#1_भाष्यम्,ವ್ಯಾಖ್ಯಾನ - ಇಲ್ಲಿ ನಿಮ್ಮ ಕನ್ನಡ ವ್ಯಾಖ್ಯಾನವನ್ನು ಬರೆಯಿರಿ,ka
257,1387,1.4.20_Part#1_भाष्यम्,Commentary - Write your English commentary here,en
258,1398,1.4.21_Part#1_भाष्यम्,ವ್ಯಾಖ್ಯಾನ - ಇಲ್ಲಿ ನಿಮ್ಮ ಕನ್ನಡ ವ್ಯಾಖ್ಯಾನವನ್ನು ಬರೆಯಿರಿ,ka
259,1398,1.4.21_Part#1_भाष्यम्,Commentary - Write your English commentary here,en
260,1409,1.4.22_Part#1_भाष्यम्,ವ್ಯಾಖ್ಯಾನ - ಇಲ್ಲಿ ನಿಮ್ಮ ಕನ್ನಡ ವ್ಯಾಖ್ಯಾನವನ್ನು ಬರೆಯಿರಿ,ka
261,1409,1.4.22_Part#1_भाष्यम्,Commentary - Write your English commentary here,en
262,1420,1.4.23_Part#1_भाष्यम्,ವ್ಯಾಖ್ಯಾನ - ಇಲ್ಲಿ ನಿಮ್ಮ ಕನ್ನಡ ವ್ಯಾಖ್ಯಾನವನ್ನು ಬರೆಯಿರಿ,ka
263,1420,1.4.23_Part#1_भाष्यम्,Commentary - Write your English commentary here,en
264,1431,1.4.24_Part#1_भाष्यम्,ವ್ಯಾಖ್ಯಾನ - ಇಲ್ಲಿ ನಿಮ್ಮ ಕನ್ನಡ ವ್ಯಾಖ್ಯಾನವನ್ನು ಬರೆಯಿರಿ,ka
265,1431,1.4.24_Part#1_भाष्यम्,Commentary - Write your English commentary here,en
266,1442,1.4.25_Part#1_भाष्यम्,ವ್ಯಾಖ್ಯಾನ - ಇಲ್ಲಿ ನಿಮ್ಮ ಕನ್ನಡ ವ್ಯಾಖ್ಯಾನವನ್ನು ಬರೆಯಿರಿ,ka
267,1442,1.4.25_Part#1_भाष्यम्,Commentary - Write your English commentary here,en
268,1453,1.4.26_Part#1_भाष्यम्,ವ್ಯಾಖ್ಯಾನ - ಇಲ್ಲಿ ನಿಮ್ಮ ಕನ್ನಡ ವ್ಯಾಖ್ಯಾನವನ್ನು ಬರೆಯಿರಿ,ka
269,1453,1.4.26_Part#1_भाष्यम्,Commentary - Write your English commentary here,en
270,1464,1.4.27_Part#1_भाष्यम्,ವ್ಯಾಖ್ಯಾನ - ಇಲ್ಲಿ ನಿಮ್ಮ ಕನ್ನಡ ವ್ಯಾಖ್ಯಾನವನ್ನು ಬರೆಯಿರಿ,ka
271,1464,1.4.27_Part#1_भाष्यम्,Commentary - Write your English commentary here,en
272,1475,1.4.28_Part#1_भाष्यम्,ವ್ಯಾಖ್ಯಾನ - ಇಲ್ಲಿ ನಿಮ್ಮ ಕನ್ನಡ ವ್ಯಾಖ್ಯಾನವನ್ನು ಬರೆಯಿರಿ,ka
273,1475,1.4.28_Part#1_भाष्यम्,Commentary - Write your English commentary here,en
274,1486,1.4.29_Part#1_भाष्यम्,ವ್ಯಾಖ್ಯಾನ - ಇಲ್ಲಿ ನಿಮ್ಮ ಕನ್ನಡ ವ್ಯಾಖ್ಯಾನವನ್ನು ಬರೆಯಿರಿ,ka
275,1486,1.4.29_Part#1_भाष्यम्,Commentary - Write your English commentary here,en
276,1497,2.1.1_Part#1_भाष्यम्,ವ್ಯಾಖ್ಯಾನ - ಇಲ್ಲಿ ನಿಮ್ಮ ಕನ್ನಡ ವ್ಯಾಖ್ಯಾನವನ್ನು ಬರೆಯಿರಿ,ka
277,1497,2.1.1_Part#1_भाष्यम्,Commentary - Write your English commentary here,en
278,1508,2.1.2_Part#1_भाष्यम्,ವ್ಯಾಖ್ಯಾನ - ಇಲ್ಲಿ ನಿಮ್ಮ ಕನ್ನಡ ವ್ಯಾಖ್ಯಾನವನ್ನು ಬರೆಯಿರಿ,ka
279,1508,2.1.2_Part#1_भाष्यम्,Commentary - Write your English commentary here,en
280,1519,2.1.3_Part#1_भाष्यम्,ವ್ಯಾಖ್ಯಾನ - ಇಲ್ಲಿ ನಿಮ್ಮ ಕನ್ನಡ ವ್ಯಾಖ್ಯಾನವನ್ನು ಬರೆಯಿರಿ,ka
281,1519,2.1.3_Part#1_भाष्यम्,Commentary - Write your English commentary here,en
282,1530,2.1.4_Part#1_भाष्यम्,ವ್ಯಾಖ್ಯಾನ - ಇಲ್ಲಿ ನಿಮ್ಮ ಕನ್ನಡ ವ್ಯಾಖ್ಯಾನವನ್ನು ಬರೆಯಿರಿ,ka
283,1530,2.1.4_Part#1_भाष्यम्,Commentary - Write your English commentary here,en
284,1541,2.1.5_Part#1_भाष्यम्,ವ್ಯಾಖ್ಯಾನ - ಇಲ್ಲಿ ನಿಮ್ಮ ಕನ್ನಡ ವ್ಯಾಖ್ಯಾನವನ್ನು ಬರೆಯಿರಿ,ka
285,1541,2.1.5_Part#1_भाष्यम्,Commentary - Write your English commentary here,en
286,1552,2.1.6_Part#1_भाष्यम्,ವ್ಯಾಖ್ಯಾನ - ಇಲ್ಲಿ ನಿಮ್ಮ ಕನ್ನಡ ವ್ಯಾಖ್ಯಾನವನ್ನು ಬರೆಯಿರಿ,ka
287,1552,2.1.6_Part#1_भाष्यम्,Commentary - Write your English commentary here,en
288,1563,2.1.7_Part#1_भाष्यम्,ವ್ಯಾಖ್ಯಾನ - ಇಲ್ಲಿ ನಿಮ್ಮ ಕನ್ನಡ ವ್ಯಾಖ್ಯಾನವನ್ನು ಬರೆಯಿರಿ,ka
289,1563,2.1.7_Part#1_भाष्यम्,Commentary - Write your English commentary here,en
290,1574,2.1.8_Part#1_भाष्यम्,ವ್ಯಾಖ್ಯಾನ - ಇಲ್ಲಿ ನಿಮ್ಮ ಕನ್ನಡ ವ್ಯಾಖ್ಯಾನವನ್ನು ಬರೆಯಿರಿ,ka
291,1574,2.1.8_Part#1_भाष्यम्,Commentary - Write your English commentary here,en
292,1585,2.1.9_Part#1_भाष्यम्,ವ್ಯಾಖ್ಯಾನ - ಇಲ್ಲಿ ನಿಮ್ಮ ಕನ್ನಡ ವ್ಯಾಖ್ಯಾನವನ್ನು ಬರೆಯಿರಿ,ka
293,1585,2.1.9_Part#1_भाष्यम्,Commentary - Write your English commentary here,en
294,1596,2.1.10_Part#1_भाष्यम्,ವ್ಯಾಖ್ಯಾನ - ಇಲ್ಲಿ ನಿಮ್ಮ ಕನ್ನಡ ವ್ಯಾಖ್ಯಾನವನ್ನು ಬರೆಯಿರಿ,ka
295,1596,2.1.10_Part#1_भाष्यम्,Commentary - Write your English commentary here,en
296,1607,2.1.11_Part#1_भाष्यम्,ವ್ಯಾಖ್ಯಾನ - ಇಲ್ಲಿ ನಿಮ್ಮ ಕನ್ನಡ ವ್ಯಾಖ್ಯಾನವನ್ನು ಬರೆಯಿರಿ,ka
297,1607,2.1.11_Part#1_भाष्यम्,Commentary - Write your English commentary here,en
298,1618,2.1.12_Part#1_भाष्यम्,ವ್ಯಾಖ್ಯಾನ - ಇಲ್ಲಿ ನಿಮ್ಮ ಕನ್ನಡ ವ್ಯಾಖ್ಯಾನವನ್ನು ಬರೆಯಿರಿ,ka
299,1618,2.1.12_Part#1_भाष्यम्,Commentary - Write your English commentary here,en
300,1629,2.1.13_Part#1_भाष्यम्,ವ್ಯಾಖ್ಯಾನ - ಇಲ್ಲಿ ನಿಮ್ಮ ಕನ್ನಡ ವ್ಯಾಖ್ಯಾನವನ್ನು ಬರೆಯಿರಿ,ka
301,1629,2.1.13_Part#1_भाष्यम्,Commentary - Write your English commentary here,en
302,1640,2.1.14_Part#1_भाष्यम्,ವ್ಯಾಖ್ಯಾನ - ಇಲ್ಲಿ ನಿಮ್ಮ ಕನ್ನಡ ವ್ಯಾಖ್ಯಾನವನ್ನು ಬರೆಯಿರಿ,ka
303,1640,2.1.14_Part#1_भाष्यम्,Commentary - Write your English commentary here,en
304,1651,2.1.15_Part#1_भाष्यम्,ವ್ಯಾಖ್ಯಾನ - ಇಲ್ಲಿ ನಿಮ್ಮ ಕನ್ನಡ ವ್ಯಾಖ್ಯಾನವನ್ನು ಬರೆಯಿರಿ,ka
305,1651,2.1.15_Part#1_भाष्यम्,Commentary - Write your English commentary here,en
306,1662,2.1.16_Part#1_भाष्यम्,ವ್ಯಾಖ್ಯಾನ - ಇಲ್ಲಿ ನಿಮ್ಮ ಕನ್ನಡ ವ್ಯಾಖ್ಯಾನವನ್ನು ಬರೆಯಿರಿ,ka
307,1662,2.1.16_Part#1_भाष्यम्,Commentary - Write your English commentary here,en
308,1673,2.1.17_Part#1_भाष्यम्,ವ್ಯಾಖ್ಯಾನ - ಇಲ್ಲಿ ನಿಮ್ಮ ಕನ್ನಡ ವ್ಯಾಖ್ಯಾನವನ್ನು ಬರೆಯಿರಿ,ka
309,1673,2.1.17_Part#1_भाष्यम्,Commentary - Write your English commentary here,en
310,1684,2.1.18_Part#1_भाष्यम्,ವ್ಯಾಖ್ಯಾನ - ಇಲ್ಲಿ ನಿಮ್ಮ ಕನ್ನಡ ವ್ಯಾಖ್ಯಾನವನ್ನು ಬರೆಯಿರಿ,ka
311,1684,2.1.18_Part#1_भाष्यम्,Commentary - Write your English commentary here,en
312,1695,2.1.19_Part#1_भाष्यम्,ವ್ಯಾಖ್ಯಾನ - ಇಲ್ಲಿ ನಿಮ್ಮ ಕನ್ನಡ ವ್ಯಾಖ್ಯಾನವನ್ನು ಬರೆಯಿರಿ,ka
313,1695,2.1.19_Part#1_भाष्यम्,Commentary - Write your English commentary here,en
314,1706,2.1.20_Part#1_भाष्यम्,ವ್ಯಾಖ್ಯಾನ - ಇಲ್ಲಿ ನಿಮ್ಮ ಕನ್ನಡ ವ್ಯಾಖ್ಯಾನವನ್ನು ಬರೆಯಿರಿ,ka
315,1706,2.1.20_Part#1_भाष्यम्,Commentary - Write your English commentary here,en
316,1717,2.1.21_Part#1_भाष्यम्,ವ್ಯಾಖ್ಯಾನ - ಇಲ್ಲಿ ನಿಮ್ಮ ಕನ್ನಡ ವ್ಯಾಖ್ಯಾನವನ್ನು ಬರೆಯಿರಿ,ka
317,1717,2.1.21_Part#1_भाष्यम्,Commentary - Write your English commentary here,en
318,1728,2.1.22_Part#1_भाष्यम्,ವ್ಯಾಖ್ಯಾನ - ಇಲ್ಲಿ ನಿಮ್ಮ ಕನ್ನಡ ವ್ಯಾಖ್ಯಾನವನ್ನು ಬರೆಯಿರಿ,ka
319,1728,2.1.22_Part#1_भाष्यम्,Commentary - Write your English commentary here,en
320,1739,2.1.23_Part#1_भाष्यम्,ವ್ಯಾಖ್ಯಾನ - ಇಲ್ಲಿ ನಿಮ್ಮ ಕನ್ನಡ ವ್ಯಾಖ್ಯಾನವನ್ನು ಬರೆಯಿರಿ,ka
321,1739,2.1.23_Part#1_भाष्यम्,Commentary - Write your English commentary here,en
322,1750,2.1.24_Part#1_भाष्यम्,ವ್ಯಾಖ್ಯಾನ - ಇಲ್ಲಿ ನಿಮ್ಮ ಕನ್ನಡ ವ್ಯಾಖ್ಯಾನವನ್ನು ಬರೆಯಿರಿ,ka
323,1750,2.1.24_Part#1_भाष्यम्,Commentary - Write your English commentary here,en
324,1761,2.1.25_Part#1_भाष्यम्,ವ್ಯಾಖ್ಯಾನ - ಇಲ್ಲಿ ನಿಮ್ಮ ಕನ್ನಡ ವ್ಯಾಖ್ಯಾನವನ್ನು ಬರೆಯಿರಿ,ka
325,1761,2.1.25_Part#1_भाष्यम्,Commentary - Write your English commentary here,en
326,1772,2.1.26_Part#1_भाष्यम्,ವ್ಯಾಖ್ಯಾನ - ಇಲ್ಲಿ ನಿಮ್ಮ ಕನ್ನಡ ವ್ಯಾಖ್ಯಾನವನ್ನು ಬರೆಯಿರಿ,ka
327,1772,2.1.26_Part#1_भाष्यम्,Commentary - Write your English commentary here,en
328,1783,2.1.27_Part#1_भाष्यम्,ವ್ಯಾಖ್ಯಾನ - ಇಲ್ಲಿ ನಿಮ್ಮ ಕನ್ನಡ ವ್ಯಾಖ್ಯಾನವನ್ನು ಬರೆಯಿರಿ,ka
329,1783,2.1.27_Part#1_भाष्यम्,Commentary - Write your English commentary here,en
330,1794,2.1.28_Part#1_भाष्यम्,ವ್ಯಾಖ್ಯಾನ - ಇಲ್ಲಿ ನಿಮ್ಮ ಕನ್ನಡ ವ್ಯಾಖ್ಯಾನವನ್ನು ಬರೆಯಿರಿ,ka
331,1794,2.1.28_Part#1_भाष्यम्,Commentary - Write your English commentary here,en
332,1805,2.1.29_Part#1_भाष्यम्,ವ್ಯಾಖ್ಯಾನ - ಇಲ್ಲಿ ನಿಮ್ಮ ಕನ್ನಡ ವ್ಯಾಖ್ಯಾನವನ್ನು ಬರೆಯಿರಿ,ka
333,1805,2.1.29_Part#1_भाष्यम्,Commentary - Write your English commentary here,en
334,1816,2.1.30_Part#1_भाष्यम्,ವ್ಯಾಖ್ಯಾನ - ಇಲ್ಲಿ ನಿಮ್ಮ ಕನ್ನಡ ವ್ಯಾಖ್ಯಾನವನ್ನು ಬರೆಯಿರಿ,ka
335,1816,2.1.30_Part#1_भाष्यम्,Commentary - Write your English commentary here,en
336,1827,2.1.31_Part#1_भाष्यम्,ವ್ಯಾಖ್ಯಾನ - ಇಲ್ಲಿ ನಿಮ್ಮ ಕನ್ನಡ ವ್ಯಾಖ್ಯಾನವನ್ನು ಬರೆಯಿರಿ,ka
337,1827,2.1.31_Part#1_भाष्यम्,Commentary - Write your English commentary here,en
338,1838,2.1.32_Part#1_भाष्यम्,ವ್ಯಾಖ್ಯಾನ - ಇಲ್ಲಿ ನಿಮ್ಮ ಕನ್ನಡ ವ್ಯಾಖ್ಯಾನವನ್ನು ಬರೆಯಿರಿ,ka
339,1838,2.1.32_Part#1_भाष्यम्,Commentary - Write your English commentary here,en
340,1849,2.1.33_Part#1_भाष्यम्,ವ್ಯಾಖ್ಯಾನ - ಇಲ್ಲಿ ನಿಮ್ಮ ಕನ್ನಡ ವ್ಯಾಖ್ಯಾನವನ್ನು ಬರೆಯಿರಿ,ka
341,1849,2.1.33_Part#1_भाष्यम्,Commentary - Write your English commentary here,en
342,1860,2.1.34_Part#1_भाष्यम्,ವ್ಯಾಖ್ಯಾನ - ಇಲ್ಲಿ ನಿಮ್ಮ ಕನ್ನಡ ವ್ಯಾಖ್ಯಾನವನ್ನು ಬರೆಯಿರಿ,ka
343,1860,2.1.34_Part#1_भाष्यम्,Commentary - Write your English commentary here,en
344,1871,2.1.35_Part#1_भाष्यम्,ವ್ಯಾಖ್ಯಾನ - ಇಲ್ಲಿ ನಿಮ್ಮ ಕನ್ನಡ ವ್ಯಾಖ್ಯಾನವನ್ನು ಬರೆಯಿರಿ,ka
345,1871,2.1.35_Part#1_भाष्यम्,Commentary - Write your English commentary here,en
346,1882,2.1.36_Part#1_भाष्यम्,ವ್ಯಾಖ್ಯಾನ - ಇಲ್ಲಿ ನಿಮ್ಮ ಕನ್ನಡ ವ್ಯಾಖ್ಯಾನವನ್ನು ಬರೆಯಿರಿ,ka
347,1882,2.1.36_Part#1_भाष्यम्,Commentary - Write your English commentary here,en
348,1893,2.1.37_Part#1_भाष्यम्,ವ್ಯಾಖ್ಯಾನ - ಇಲ್ಲಿ ನಿಮ್ಮ ಕನ್ನಡ ವ್ಯಾಖ್ಯಾನವನ್ನು ಬರೆಯಿರಿ,ka
349,1893,2.1.37_Part#1_भाष्यम्,Commentary - Write your English commentary here,en
350,1904,2.1.38_Part#1_भाष्यम्,ವ್ಯಾಖ್ಯಾನ - ಇಲ್ಲಿ ನಿಮ್ಮ ಕನ್ನಡ ವ್ಯಾಖ್ಯಾನವನ್ನು ಬರೆಯಿರಿ,ka
351,1904,2.1.38_Part#1_भाष्यम्,Commentary - Write your English commentary here,en
352,1915,2.2.1_Part#1_भाष्यम्,ವ್ಯಾಖ್ಯಾನ - ಇಲ್ಲಿ ನಿಮ್ಮ ಕನ್ನಡ ವ್ಯಾಖ್ಯಾನವನ್ನು ಬರೆಯಿರಿ,ka
353,1915,2.2.1_Part#1_भाष्यम्,Commentary - Write your English commentary here,en
354,1926,2.2.2_Part#1_भाष्यम्,ವ್ಯಾಖ್ಯಾನ - ಇಲ್ಲಿ ನಿಮ್ಮ ಕನ್ನಡ ವ್ಯಾಖ್ಯಾನವನ್ನು ಬರೆಯಿರಿ,ka
355,1926,2.2.2_Part#1_भाष्यम्,Commentary - Write your English commentary here,en
356,1937,2.2.3_Part#1_भाष्यम्,ವ್ಯಾಖ್ಯಾನ - ಇಲ್ಲಿ ನಿಮ್ಮ ಕನ್ನಡ ವ್ಯಾಖ್ಯಾನವನ್ನು ಬರೆಯಿರಿ,ka
357,1937,2.2.3_Part#1_भाष्यम्,Commentary - Write your English commentary here,en
358,1948,2.2.4_Part#1_भाष्यम्,ವ್ಯಾಖ್ಯಾನ - ಇಲ್ಲಿ ನಿಮ್ಮ ಕನ್ನಡ ವ್ಯಾಖ್ಯಾನವನ್ನು ಬರೆಯಿರಿ,ka
359,1948,2.2.4_Part#1_भाष्यम्,Commentary - Write your English commentary here,en
360,1959,2.2.5_Part#1_भाष्यम्,ವ್ಯಾಖ್ಯಾನ - ಇಲ್ಲಿ ನಿಮ್ಮ ಕನ್ನಡ ವ್ಯಾಖ್ಯಾನವನ್ನು ಬರೆಯಿರಿ,ka
361,1959,2.2.5_Part#1_भाष्यम्,Commentary - Write your English commentary here,en
362,1970,2.2.6_Part#1_भाष्यम्,ವ್ಯಾಖ್ಯಾನ - ಇಲ್ಲಿ ನಿಮ್ಮ ಕನ್ನಡ ವ್ಯಾಖ್ಯಾನವನ್ನು ಬರೆಯಿರಿ,ka
363,1970,2.2.6_Part#1_भाष्यम्,Commentary - Write your English commentary here,en
364,1981,2.2.7_Part#1_भाष्यम्,ವ್ಯಾಖ್ಯಾನ - ಇಲ್ಲಿ ನಿಮ್ಮ ಕನ್ನಡ ವ್ಯಾಖ್ಯಾನವನ್ನು ಬರೆಯಿರಿ,ka
365,1981,2.2.7_Part#1_भाष्यम्,Commentary - Write your English commentary here,en
366,1992,2.2.8_Part#1_भाष्यम्,ವ್ಯಾಖ್ಯಾನ - ಇಲ್ಲಿ ನಿಮ್ಮ ಕನ್ನಡ ವ್ಯಾಖ್ಯಾನವನ್ನು ಬರೆಯಿರಿ,ka
367,1992,2.2.8_Part#1_भाष्यम्,Commentary - Write your English commentary here,en
368,2003,2.2.9_Part#1_भाष्यम्,ವ್ಯಾಖ್ಯಾನ - ಇಲ್ಲಿ ನಿಮ್ಮ ಕನ್ನಡ ವ್ಯಾಖ್ಯಾನವನ್ನು ಬರೆಯಿರಿ,ka
369,2003,2.2.9_Part#1_भाष्यम्,Commentary - Write your English commentary here,en
370,2014,2.2.10_Part#1_भाष्यम्,ವ್ಯಾಖ್ಯಾನ - ಇಲ್ಲಿ ನಿಮ್ಮ ಕನ್ನಡ ವ್ಯಾಖ್ಯಾನವನ್ನು ಬರೆಯಿರಿ,ka
371,2014,2.2.10_Part#1_भाष्यम्,Commentary - Write your English commentary here,en
372,2025,2.2.11_Part#1_भाष्यम्,ವ್ಯಾಖ್ಯಾನ - ಇಲ್ಲಿ ನಿಮ್ಮ ಕನ್ನಡ ವ್ಯಾಖ್ಯಾನವನ್ನು ಬರೆಯಿರಿ,ka
373,2025,2.2.11_Part#1_भाष्यम्,Commentary - Write your English commentary here,en
374,2036,2.2.12_Part#1_भाष्यम्,ವ್ಯಾಖ್ಯಾನ - ಇಲ್ಲಿ ನಿಮ್ಮ ಕನ್ನಡ ವ್ಯಾಖ್ಯಾನವನ್ನು ಬರೆಯಿರಿ,ka
375,2036,2.2.12_Part#1_भाष्यम्,Commentary - Write your English commentary here,en
376,2047,2.2.13_Part#1_भाष्यम्,ವ್ಯಾಖ್ಯಾನ - ಇಲ್ಲಿ ನಿಮ್ಮ ಕನ್ನಡ ವ್ಯಾಖ್ಯಾನವನ್ನು ಬರೆಯಿರಿ,ka
377,2047,2.2.13_Part#1_भाष्यम्,Commentary - Write your English commentary here,en
378,2058,2.2.14_Part#1_भाष्यम्,ವ್ಯಾಖ್ಯಾನ - ಇಲ್ಲಿ ನಿಮ್ಮ ಕನ್ನಡ ವ್ಯಾಖ್ಯಾನವನ್ನು ಬರೆಯಿರಿ,ka
379,2058,2.2.14_Part#1_भाष्यम्,Commentary - Write your English commentary here,en
380,2069,2.2.15_Part#1_भाष्यम्,ವ್ಯಾಖ್ಯಾನ - ಇಲ್ಲಿ ನಿಮ್ಮ ಕನ್ನಡ ವ್ಯಾಖ್ಯಾನವನ್ನು ಬರೆಯಿರಿ,ka
381,2069,2.2.15_Part#1_भाष्यम्,Commentary - Write your English commentary here,en
382,2080,2.2.16_Part#1_भाष्यम्,ವ್ಯಾಖ್ಯಾನ - ಇಲ್ಲಿ ನಿಮ್ಮ ಕನ್ನಡ ವ್ಯಾಖ್ಯಾನವನ್ನು ಬರೆಯಿರಿ,ka
383,2080,2.2.16_Part#1_भाष्यम्,Commentary - Write your English commentary here,en
384,2091,2.2.17_Part#1_भाष्यम्,ವ್ಯಾಖ್ಯಾನ - ಇಲ್ಲಿ ನಿಮ್ಮ ಕನ್ನಡ ವ್ಯಾಖ್ಯಾನವನ್ನು ಬರೆಯಿರಿ,ka
385,2091,2.2.17_Part#1_भाष्यम्,Commentary - Write your English commentary here,en
386,2102,2.2.18_Part#1_भाष्यम्,ವ್ಯಾಖ್ಯಾನ - ಇಲ್ಲಿ ನಿಮ್ಮ ಕನ್ನಡ ವ್ಯಾಖ್ಯಾನವನ್ನು ಬರೆಯಿರಿ,ka
387,2102,2.2.18_Part#1_भाष्यम्,Commentary - Write your English commentary here,en
388,2113,2.2.19_Part#1_भाष्यम्,ವ್ಯಾಖ್ಯಾನ - ಇಲ್ಲಿ ನಿಮ್ಮ ಕನ್ನಡ ವ್ಯಾಖ್ಯಾನವನ್ನು ಬರೆಯಿರಿ,ka
389,2113,2.2.19_Part#1_भाष्यम्,Commentary - Write your English commentary here,en
390,2124,2.2.20_Part#1_भाष्यम्,ವ್ಯಾಖ್ಯಾನ - ಇಲ್ಲಿ ನಿಮ್ಮ ಕನ್ನಡ ವ್ಯಾಖ್ಯಾನವನ್ನು ಬರೆಯಿರಿ,ka
391,2124,2.2.20_Part#1_भाष्यम्,Commentary - Write your English commentary here,en
392,2135,2.2.21_Part#1_भाष्यम्,ವ್ಯಾಖ್ಯಾನ - ಇಲ್ಲಿ ನಿಮ್ಮ ಕನ್ನಡ ವ್ಯಾಖ್ಯಾನವನ್ನು ಬರೆಯಿರಿ,ka
393,2135,2.2.21_Part#1_भाष्यम्,Commentary - Write your English commentary here,en
394,2146,2.2.22_Part#1_भाष्यम्,ವ್ಯಾಖ್ಯಾನ - ಇಲ್ಲಿ ನಿಮ್ಮ ಕನ್ನಡ ವ್ಯಾಖ್ಯಾನವನ್ನು ಬರೆಯಿರಿ,ka
395,2146,2.2.22_Part#1_भाष्यम्,Commentary - Write your English commentary here,en
396,2157,2.2.23_Part#1_भाष्यम्,ವ್ಯಾಖ್ಯಾನ - ಇಲ್ಲಿ ನಿಮ್ಮ ಕನ್ನಡ ವ್ಯಾಖ್ಯಾನವನ್ನು ಬರೆಯಿರಿ,ka
397,2157,2.2.23_Part#1_भाष्यम्,Commentary - Write your English commentary here,en
398,2168,2.2.24_Part#1_भाष्यम्,ವ್ಯಾಖ್ಯಾನ - ಇಲ್ಲಿ ನಿಮ್ಮ ಕನ್ನಡ ವ್ಯಾಖ್ಯಾನವನ್ನು ಬರೆಯಿರಿ,ka
399,2168,2.2.24_Part#1_भाष्यम्,Commentary - Write your English commentary here,en
400,2179,2.2.25_Part#1_भाष्यम्,ವ್ಯಾಖ್ಯಾನ - ಇಲ್ಲಿ ನಿಮ್ಮ ಕನ್ನಡ ವ್ಯಾಖ್ಯಾನವನ್ನು ಬರೆಯಿರಿ,ka
401,2179,2.2.25_Part#1_भाष्यम्,Commentary - Write your English commentary here,en
402,2190,2.2.26_Part#1_भाष्यम्,ವ್ಯಾಖ್ಯಾನ - ಇಲ್ಲಿ ನಿಮ್ಮ ಕನ್ನಡ ವ್ಯಾಖ್ಯಾನವನ್ನು ಬರೆಯಿರಿ,ka
403,2190,2.2.26_Part#1_भाष्यम्,Commentary - Write your English commentary here,en
404,2201,2.2.27_Part#1_भाष्यम्,ವ್ಯಾಖ್ಯಾನ - ಇಲ್ಲಿ ನಿಮ್ಮ ಕನ್ನಡ ವ್ಯಾಖ್ಯಾನವನ್ನು ಬರೆಯಿರಿ,ka
405,2201,2.2.27_Part#1_भाष्यम्,Commentary - Write your English commentary here,en
406,2212,2.2.28_Part#1_भाष्यम्,ವ್ಯಾಖ್ಯಾನ - ಇಲ್ಲಿ ನಿಮ್ಮ ಕನ್ನಡ ವ್ಯಾಖ್ಯಾನವನ್ನು ಬರೆಯಿರಿ,ka
407,2212,2.2.28_Part#1_भाष्यम्,Commentary - Write your English commentary here,en
408,2223,2.2.29_Part#1_भाष्यम्,ವ್ಯಾಖ್ಯಾನ - ಇಲ್ಲಿ ನಿಮ್ಮ ಕನ್ನಡ ವ್ಯಾಖ್ಯಾನವನ್ನು ಬರೆಯಿರಿ,ka
409,2223,2.2.29_Part#1_भाष्यम्,Commentary - Write your English commentary here,en
410,2234,2.2.30_Part#1_भाष्यम्,ವ್ಯಾಖ್ಯಾನ - ಇಲ್ಲಿ ನಿಮ್ಮ ಕನ್ನಡ ವ್ಯಾಖ್ಯಾನವನ್ನು ಬರೆಯಿರಿ,ka
411,2234,2.2.30_Part#1_भाष्यम्,Commentary - Write your English commentary here,en
412,2245,2.2.31_Part#1_भाष्यम्,ವ್ಯಾಖ್ಯಾನ - ಇಲ್ಲಿ ನಿಮ್ಮ ಕನ್ನಡ ವ್ಯಾಖ್ಯಾನವನ್ನು ಬರೆಯಿರಿ,ka
413,2245,2.2.31_Part#1_भाष्यम्,Commentary - Write your English commentary here,en
414,2256,2.2.32_Part#1_भाष्यम्,ವ್ಯಾಖ್ಯಾನ - ಇಲ್ಲಿ ನಿಮ್ಮ ಕನ್ನಡ ವ್ಯಾಖ್ಯಾನವನ್ನು ಬರೆಯಿರಿ,ka
415,2256,2.2.32_Part#1_भाष्यम्,Commentary - Write your English commentary here,en
416,2267,2.2.33_Part#1_भाष्यम्,ವ್ಯಾಖ್ಯಾನ - ಇಲ್ಲಿ ನಿಮ್ಮ ಕನ್ನಡ ವ್ಯಾಖ್ಯಾನವನ್ನು ಬರೆಯಿರಿ,ka
417,2267,2.2.33_Part#1_भाष्यम्,Commentary - Write your English commentary here,en
418,2278,2.2.34_Part#1_भाष्यम्,ವ್ಯಾಖ್ಯಾನ - ಇಲ್ಲಿ ನಿಮ್ಮ ಕನ್ನಡ ವ್ಯಾಖ್ಯಾನವನ್ನು ಬರೆಯಿರಿ,ka
419,2278,2.2.34_Part#1_भाष्यम्,Commentary - Write your English commentary here,en
420,2289,2.2.35_Part#1_भाष्यम्,ವ್ಯಾಖ್ಯಾನ - ಇಲ್ಲಿ ನಿಮ್ಮ ಕನ್ನಡ ವ್ಯಾಖ್ಯಾನವನ್ನು ಬರೆಯಿರಿ,ka
421,2289,2.2.35_Part#1_भाष्यम्,Commentary - Write your English commentary here,en
422,2300,2.2.36_Part#1_भाष्यम्,ವ್ಯಾಖ್ಯಾನ - ಇಲ್ಲಿ ನಿಮ್ಮ ಕನ್ನಡ ವ್ಯಾಖ್ಯಾನವನ್ನು ಬರೆಯಿರಿ,ka
423,2300,2.2.36_Part#1_भाष्यम्,Commentary - Write your English commentary here,en
424,2311,2.2.37_Part#1_भाष्यम्,ವ್ಯಾಖ್ಯಾನ - ಇಲ್ಲಿ ನಿಮ್ಮ ಕನ್ನಡ ವ್ಯಾಖ್ಯಾನವನ್ನು ಬರೆಯಿರಿ,ka
425,2311,2.2.37_Part#1_भाष्यम्,Commentary - Write your English commentary here,en
426,2322,2.2.38_Part#1_भाष्यम्,ವ್ಯಾಖ್ಯಾನ - ಇಲ್ಲಿ ನಿಮ್ಮ ಕನ್ನಡ ವ್ಯಾಖ್ಯಾನವನ್ನು ಬರೆಯಿರಿ,ka
427,2322,2.2.38_Part#1_भाष्यम्,Commentary - Write your English commentary here,en
428,2333,2.2.39_Part#1_भाष्यम्,ವ್ಯಾಖ್ಯಾನ - ಇಲ್ಲಿ ನಿಮ್ಮ ಕನ್ನಡ ವ್ಯಾಖ್ಯಾನವನ್ನು ಬರೆಯಿರಿ,ka
429,2333,2.2.39_Part#1_भाष्यम्,Commentary - Write your English commentary here,en
430,2344,2.2.40_Part#1_भाष्यम्,ವ್ಯಾಖ್ಯಾನ - ಇಲ್ಲಿ ನಿಮ್ಮ ಕನ್ನಡ ವ್ಯಾಖ್ಯಾನವನ್ನು ಬರೆಯಿರಿ,ka
431,2344,2.2.40_Part#1_भाष्यम्,Commentary - Write your English commentary here,en
432,2355,2.2.41_Part#1_भाष्यम्,ವ್ಯಾಖ್ಯಾನ - ಇಲ್ಲಿ ನಿಮ್ಮ ಕನ್ನಡ ವ್ಯಾಖ್ಯಾನವನ್ನು ಬರೆಯಿರಿ,ka
433,2355,2.2.41_Part#1_भाष्यम्,Commentary - Write your English commentary here,en
434,2366,2.2.42_Part#1_भाष्यम्,ವ್ಯಾಖ್ಯಾನ - ಇಲ್ಲಿ ನಿಮ್ಮ ಕನ್ನಡ ವ್ಯಾಖ್ಯಾನವನ್ನು ಬರೆಯಿರಿ,ka
435,2366,2.2.42_Part#1_भाष्यम्,Commentary - Write your English commentary here,en
436,2377,2.2.43_Part#1_भाष्यम्,ವ್ಯಾಖ್ಯಾನ - ಇಲ್ಲಿ ನಿಮ್ಮ ಕನ್ನಡ ವ್ಯಾಖ್ಯಾನವನ್ನು ಬರೆಯಿರಿ,ka
437,2377,2.2.43_Part#1_भाष्यम्,Commentary - Write your English commentary here,en
438,2388,2.2.44_Part#1_भाष्यम्,ವ್ಯಾಖ್ಯಾನ - ಇಲ್ಲಿ ನಿಮ್ಮ ಕನ್ನಡ ವ್ಯಾಖ್ಯಾನವನ್ನು ಬರೆಯಿರಿ,ka
439,2388,2.2.44_Part#1_भाष्यम्,Commentary - Write your English commentary here,en
440,2399,2.2.45_Part#1_भाष्यम्,ವ್ಯಾಖ್ಯಾನ - ಇಲ್ಲಿ ನಿಮ್ಮ ಕನ್ನಡ ವ್ಯಾಖ್ಯಾನವನ್ನು ಬರೆಯಿರಿ,ka
441,2399,2.2.45_Part#1_भाष्यम्,Commentary - Write your English commentary here,en
442,2410,2.3.1_Part#1_भाष्यम्,ವ್ಯಾಖ್ಯಾನ - ಇಲ್ಲಿ ನಿಮ್ಮ ಕನ್ನಡ ವ್ಯಾಖ್ಯಾನವನ್ನು ಬರೆಯಿರಿ,ka
443,2410,2.3.1_Part#1_भाष्यम्,Commentary - Write your English commentary here,en
444,2421,2.3.2_Part#1_भाष्यम्,ವ್ಯಾಖ್ಯಾನ - ಇಲ್ಲಿ ನಿಮ್ಮ ಕನ್ನಡ ವ್ಯಾಖ್ಯಾನವನ್ನು ಬರೆಯಿರಿ,ka
445,2421,2.3.2_Part#1_भाष्यम्,Commentary - Write your English commentary here,en
446,2432,2.3.3_Part#1_भाष्यम्,ವ್ಯಾಖ್ಯಾನ - ಇಲ್ಲಿ ನಿಮ್ಮ ಕನ್ನಡ ವ್ಯಾಖ್ಯಾನವನ್ನು ಬರೆಯಿರಿ,ka
447,2432,2.3.3_Part#1_भाष्यम्,Commentary - Write your English commentary here,en
448,2443,2.3.4_Part#1_भाष्यम्,ವ್ಯಾಖ್ಯಾನ - ಇಲ್ಲಿ ನಿಮ್ಮ ಕನ್ನಡ ವ್ಯಾಖ್ಯಾನವನ್ನು ಬರೆಯಿರಿ,ka
449,2443,2.3.4_Part#1_भाष्यम्,Commentary - Write your English commentary here,en
450,2454,2.3.5_Part#1_भाष्यम्,ವ್ಯಾಖ್ಯಾನ - ಇಲ್ಲಿ ನಿಮ್ಮ ಕನ್ನಡ ವ್ಯಾಖ್ಯಾನವನ್ನು ಬರೆಯಿರಿ,ka
451,2454,2.3.5_Part#1_भाष्यम्,Commentary - Write your English commentary here,en
452,2465,2.3.6_Part#1_भाष्यम्,ವ್ಯಾಖ್ಯಾನ - ಇಲ್ಲಿ ನಿಮ್ಮ ಕನ್ನಡ ವ್ಯಾಖ್ಯಾನವನ್ನು ಬರೆಯಿರಿ,ka
453,2465,2.3.6_Part#1_भाष्यम्,Commentary - Write your English commentary here,en
454,2476,2.3.7_Part#1_भाष्यम्,ವ್ಯಾಖ್ಯಾನ - ಇಲ್ಲಿ ನಿಮ್ಮ ಕನ್ನಡ ವ್ಯಾಖ್ಯಾನವನ್ನು ಬರೆಯಿರಿ,ka
455,2476,2.3.7_Part#1_भाष्यम्,Commentary - Write your English commentary here,en
456,2487,2.3.8_Part#1_भाष्यम्,ವ್ಯಾಖ್ಯಾನ - ಇಲ್ಲಿ ನಿಮ್ಮ ಕನ್ನಡ ವ್ಯಾಖ್ಯಾನವನ್ನು ಬರೆಯಿರಿ,ka
457,2487,2.3.8_Part#1_भाष्यम्,Commentary - Write your English commentary here,en
458,2498,2.3.9_Part#1_भाष्यम्,ವ್ಯಾಖ್ಯಾನ - ಇಲ್ಲಿ ನಿಮ್ಮ ಕನ್ನಡ ವ್ಯಾಖ್ಯಾನವನ್ನು ಬರೆಯಿರಿ,ka
459,2498,2.3.9_Part#1_भाष्यम्,Commentary - Write your English commentary here,en
460,2509,2.3.10_Part#1_भाष्यम्,ವ್ಯಾಖ್ಯಾನ - ಇಲ್ಲಿ ನಿಮ್ಮ ಕನ್ನಡ ವ್ಯಾಖ್ಯಾನವನ್ನು ಬರೆಯಿರಿ,ka
461,2509,2.3.10_Part#1_भाष्यम्,Commentary - Write your English commentary here,en
462,2520,2.3.11_Part#1_भाष्यम्,ವ್ಯಾಖ್ಯಾನ - ಇಲ್ಲಿ ನಿಮ್ಮ ಕನ್ನಡ ವ್ಯಾಖ್ಯಾನವನ್ನು ಬರೆಯಿರಿ,ka
463,2520,2.3.11_Part#1_भाष्यम्,Commentary - Write your English commentary here,en
464,2531,2.3.12_Part#1_भाष्यम्,ವ್ಯಾಖ್ಯಾನ - ಇಲ್ಲಿ ನಿಮ್ಮ ಕನ್ನಡ ವ್ಯಾಖ್ಯಾನವನ್ನು ಬರೆಯಿರಿ,ka
465,2531,2.3.12_Part#1_भाष्यम्,Commentary - Write your English commentary here,en
466,2542,2.3.13_Part#1_भाष्यम्,ವ್ಯಾಖ್ಯಾನ - ಇಲ್ಲಿ ನಿಮ್ಮ ಕನ್ನಡ ವ್ಯಾಖ್ಯಾನವನ್ನು ಬರೆಯಿರಿ,ka
467,2542,2.3.13_Part#1_भाष्यम्,Commentary - Write your English commentary here,en
468,2553,2.3.14_Part#1_भाष्यम्,ವ್ಯಾಖ್ಯಾನ - ಇಲ್ಲಿ ನಿಮ್ಮ ಕನ್ನಡ ವ್ಯಾಖ್ಯಾನವನ್ನು ಬರೆಯಿರಿ,ka
469,2553,2.3.14_Part#1_भाष्यम्,Commentary - Write your English commentary here,en
470,2564,2.3.15_Part#1_भाष्यम्,ವ್ಯಾಖ್ಯಾನ - ಇಲ್ಲಿ ನಿಮ್ಮ ಕನ್ನಡ ವ್ಯಾಖ್ಯಾನವನ್ನು ಬರೆಯಿರಿ,ka
471,2564,2.3.15_Part#1_भाष्यम्,Commentary - Write your English commentary here,en
472,2575,2.3.16_Part#1_भाष्यम्,ವ್ಯಾಖ್ಯಾನ - ಇಲ್ಲಿ ನಿಮ್ಮ ಕನ್ನಡ ವ್ಯಾಖ್ಯಾನವನ್ನು ಬರೆಯಿರಿ,ka
473,2575,2.3.16_Part#1_भाष्यम्,Commentary - Write your English commentary here,en
474,2586,2.3.17_Part#1_भाष्यम्,ವ್ಯಾಖ್ಯಾನ - ಇಲ್ಲಿ ನಿಮ್ಮ ಕನ್ನಡ ವ್ಯಾಖ್ಯಾನವನ್ನು ಬರೆಯಿರಿ,ka
475,2586,2.3.17_Part#1_भाष्यम्,Commentary - Write your English commentary here,en
476,2597,2.3.18_Part#1_भाष्यम्,ವ್ಯಾಖ್ಯಾನ - ಇಲ್ಲಿ ನಿಮ್ಮ ಕನ್ನಡ ವ್ಯಾಖ್ಯಾನವನ್ನು ಬರೆಯಿರಿ,ka
477,2597,2.3.18_Part#1_भाष्यम्,Commentary - Write your English commentary here,en
478,2608,2.3.19_Part#1_भाष्यम्,ವ್ಯಾಖ್ಯಾನ - ಇಲ್ಲಿ ನಿಮ್ಮ ಕನ್ನಡ ವ್ಯಾಖ್ಯಾನವನ್ನು ಬರೆಯಿರಿ,ka
479,2608,2.3.19_Part#1_भाष्यम्,Commentary - Write your English commentary here,en
480,2619,2.3.20_Part#1_भाष्यम्,ವ್ಯಾಖ್ಯಾನ - ಇಲ್ಲಿ ನಿಮ್ಮ ಕನ್ನಡ ವ್ಯಾಖ್ಯಾನವನ್ನು ಬರೆಯಿರಿ,ka
481,2619,2.3.20_Part#1_भाष्यम्,Commentary - Write your English commentary here,en
482,2630,2.3.21_Part#1_भाष्यम्,ವ್ಯಾಖ್ಯಾನ - ಇಲ್ಲಿ ನಿಮ್ಮ ಕನ್ನಡ ವ್ಯಾಖ್ಯಾನವನ್ನು ಬರೆಯಿರಿ,ka
483,2630,2.3.21_Part#1_भाष्यम्,Commentary - Write your English commentary here,en
484,2641,2.3.22_Part#1_भाष्यम्,ವ್ಯಾಖ್ಯಾನ - ಇಲ್ಲಿ ನಿಮ್ಮ ಕನ್ನಡ ವ್ಯಾಖ್ಯಾನವನ್ನು ಬರೆಯಿರಿ,ka
485,2641,2.3.22_Part#1_भाष्यम्,Commentary - Write your English commentary here,en
486,2652,2.3.23_Part#1_भाष्यम्,ವ್ಯಾಖ್ಯಾನ - ಇಲ್ಲಿ ನಿಮ್ಮ ಕನ್ನಡ ವ್ಯಾಖ್ಯಾನವನ್ನು ಬರೆಯಿರಿ,ka
487,2652,2.3.23_Part#1_भाष्यम्,Commentary - Write your English commentary here,en
488,2663,2.3.24_Part#1_भाष्यम्,ವ್ಯಾಖ್ಯಾನ - ಇಲ್ಲಿ ನಿಮ್ಮ ಕನ್ನಡ ವ್ಯಾಖ್ಯಾನವನ್ನು ಬರೆಯಿರಿ,ka
489,2663,2.3.24_Part#1_भाष्यम्,Commentary - Write your English commentary here,en
490,2674,2.3.25_Part#1_भाष्यम्,ವ್ಯಾಖ್ಯಾನ - ಇಲ್ಲಿ ನಿಮ್ಮ ಕನ್ನಡ ವ್ಯಾಖ್ಯಾನವನ್ನು ಬರೆಯಿರಿ,ka
491,2674,2.3.25_Part#1_भाष्यम्,Commentary - Write your English commentary here,en
492,2685,2.3.26_Part#1_भाष्यम्,ವ್ಯಾಖ್ಯಾನ - ಇಲ್ಲಿ ನಿಮ್ಮ ಕನ್ನಡ ವ್ಯಾಖ್ಯಾನವನ್ನು ಬರೆಯಿರಿ,ka
493,2685,2.3.26_Part#1_भाष्यम्,Commentary - Write your English commentary here,en
494,2696,2.3.27_Part#1_भाष्यम्,ವ್ಯಾಖ್ಯಾನ - ಇಲ್ಲಿ ನಿಮ್ಮ ಕನ್ನಡ ವ್ಯಾಖ್ಯಾನವನ್ನು ಬರೆಯಿರಿ,ka
495,2696,2.3.27_Part#1_भाष्यम्,Commentary - Write your English commentary here,en
496,2707,2.3.28_Part#1_भाष्यम्,ವ್ಯಾಖ್ಯಾನ - ಇಲ್ಲಿ ನಿಮ್ಮ ಕನ್ನಡ ವ್ಯಾಖ್ಯಾನವನ್ನು ಬರೆಯಿರಿ,ka
497,2707,2.3.28_Part#1_भाष्यम्,Commentary - Write your English commentary here,en
498,2718,2.3.29_Part#1_भाष्यम्,ವ್ಯಾಖ್ಯಾನ - ಇಲ್ಲಿ ನಿಮ್ಮ ಕನ್ನಡ ವ್ಯಾಖ್ಯಾನವನ್ನು ಬರೆಯಿರಿ,ka
499,2718,2.3.29_Part#1_भाष्यम्,Commentary - Write your English commentary here,en
500,2729,2.3.30_Part#1_भाष्यम्,ವ್ಯಾಖ್ಯಾನ - ಇಲ್ಲಿ ನಿಮ್ಮ ಕನ್ನಡ ವ್ಯಾಖ್ಯಾನವನ್ನು ಬರೆಯಿರಿ,ka
501,2729,2.3.30_Part#1_भाष्यम्,Commentary - Write your English commentary here,en
502,2740,2.3.31_Part#1_भाष्यम्,ವ್ಯಾಖ್ಯಾನ - ಇಲ್ಲಿ ನಿಮ್ಮ ಕನ್ನಡ ವ್ಯಾಖ್ಯಾನವನ್ನು ಬರೆಯಿರಿ,ka
503,2740,2.3.31_Part#1_भाष्यम्,Commentary - Write your English commentary here,en
504,2751,2.3.32_Part#1_भाष्यम्,ವ್ಯಾಖ್ಯಾನ - ಇಲ್ಲಿ ನಿಮ್ಮ ಕನ್ನಡ ವ್ಯಾಖ್ಯಾನವನ್ನು ಬರೆಯಿರಿ,ka
505,2751,2.3.32_Part#1_भाष्यम्,Commentary - Write your English commentary here,en
506,2762,2.3.33_Part#1_भाष्यम्,ವ್ಯಾಖ್ಯಾನ - ಇಲ್ಲಿ ನಿಮ್ಮ ಕನ್ನಡ ವ್ಯಾಖ್ಯಾನವನ್ನು ಬರೆಯಿರಿ,ka
507,2762,2.3.33_Part#1_भाष्यम्,Commentary - Write your English commentary here,en
508,2773,2.3.34_Part#1_भाष्यम्,ವ್ಯಾಖ್ಯಾನ - ಇಲ್ಲಿ ನಿಮ್ಮ ಕನ್ನಡ ವ್ಯಾಖ್ಯಾನವನ್ನು ಬರೆಯಿರಿ,ka
509,2773,2.3.34_Part#1_भाष्यम्,Commentary - Write your English commentary here,en
510,2784,2.3.35_Part#1_भाष्यम्,ವ್ಯಾಖ್ಯಾನ - ಇಲ್ಲಿ ನಿಮ್ಮ ಕನ್ನಡ ವ್ಯಾಖ್ಯಾನವನ್ನು ಬರೆಯಿರಿ,ka
511,2784,2.3.35_Part#1_भाष्यम्,Commentary - Write your English commentary here,en
512,2795,2.3.36_Part#1_भाष्यम्,ವ್ಯಾಖ್ಯಾನ - ಇಲ್ಲಿ ನಿಮ್ಮ ಕನ್ನಡ ವ್ಯಾಖ್ಯಾನವನ್ನು ಬರೆಯಿರಿ,ka
513,2795,2.3.36_Part#1_भाष्यम्,Commentary - Write your English commentary here,en
514,2806,2.3.37_Part#1_भाष्यम्,ವ್ಯಾಖ್ಯಾನ - ಇಲ್ಲಿ ನಿಮ್ಮ ಕನ್ನಡ ವ್ಯಾಖ್ಯಾನವನ್ನು ಬರೆಯಿರಿ,ka
515,2806,2.3.37_Part#1_भाष्यम्,Commentary - Write your English commentary here,en
516,2817,2.3.38_Part#1_भाष्यम्,ವ್ಯಾಖ್ಯಾನ - ಇಲ್ಲಿ ನಿಮ್ಮ ಕನ್ನಡ ವ್ಯಾಖ್ಯಾನವನ್ನು ಬರೆಯಿರಿ,ka
517,2817,2.3.38_Part#1_भाष्यम्,Commentary - Write your English commentary here,en
518,2828,2.3.39_Part#1_भाष्यम्,ವ್ಯಾಖ್ಯಾನ - ಇಲ್ಲಿ ನಿಮ್ಮ ಕನ್ನಡ ವ್ಯಾಖ್ಯಾನವನ್ನು ಬರೆಯಿರಿ,ka
519,2828,2.3.39_Part#1_भाष्यम्,Commentary - Write your English commentary here,en
520,2839,2.3.40_Part#1_भाष्यम्,ವ್ಯಾಖ್ಯಾನ - ಇಲ್ಲಿ ನಿಮ್ಮ ಕನ್ನಡ ವ್ಯಾಖ್ಯಾನವನ್ನು ಬರೆಯಿರಿ,ka
521,2839,2.3.40_Part#1_भाष्यम्,Commentary - Write your English commentary here,en
522,2850,2.3.41_Part#1_भाष्यम्,ವ್ಯಾಖ್ಯಾನ - ಇಲ್ಲಿ ನಿಮ್ಮ ಕನ್ನಡ ವ್ಯಾಖ್ಯಾನವನ್ನು ಬರೆಯಿರಿ,ka
523,2850,2.3.41_Part#1_भाष्यम्,Commentary - Write your English commentary here,en
524,2861,2.3.42_Part#1_भाष्यम्,ವ್ಯಾಖ್ಯಾನ - ಇಲ್ಲಿ ನಿಮ್ಮ ಕನ್ನಡ ವ್ಯಾಖ್ಯಾನವನ್ನು ಬರೆಯಿರಿ,ka
525,2861,2.3.42_Part#1_भाष्यम्,Commentary - Write your English commentary here,en
526,2872,2.3.43_Part#1_भाष्यम्,ವ್ಯಾಖ್ಯಾನ - ಇಲ್ಲಿ ನಿಮ್ಮ ಕನ್ನಡ ವ್ಯಾಖ್ಯಾನವನ್ನು ಬರೆಯಿರಿ,ka
527,2872,2.3.43_Part#1_भाष्यम्,Commentary - Write your English commentary here,en
528,2883,2.3.44_Part#1_भाष्यम्,ವ್ಯಾಖ್ಯಾನ - ಇಲ್ಲಿ ನಿಮ್ಮ ಕನ್ನಡ ವ್ಯಾಖ್ಯಾನವನ್ನು ಬರೆಯಿರಿ,ka
529,2883,2.3.44_Part#1_भाष्यम्,Commentary - Write your English commentary here,en
530,2894,2.3.45_Part#1_भाष्यम्,ವ್ಯಾಖ್ಯಾನ - ಇಲ್ಲಿ ನಿಮ್ಮ ಕನ್ನಡ ವ್ಯಾಖ್ಯಾನವನ್ನು ಬರೆಯಿರಿ,ka
531,2894,2.3.45_Part#1_भाष्यम्,Commentary - Write your English commentary here,en
532,2905,2.3.46_Part#1_भाष्यम्,ವ್ಯಾಖ್ಯಾನ - ಇಲ್ಲಿ ನಿಮ್ಮ ಕನ್ನಡ ವ್ಯಾಖ್ಯಾನವನ್ನು ಬರೆಯಿರಿ,ka
533,2905,2.3.46_Part#1_भाष्यम्,Commentary - Write your English commentary here,en
534,2916,2.3.47_Part#1_भाष्यम्,ವ್ಯಾಖ್ಯಾನ - ಇಲ್ಲಿ ನಿಮ್ಮ ಕನ್ನಡ ವ್ಯಾಖ್ಯಾನವನ್ನು ಬರೆಯಿರಿ,ka
535,2916,2.3.47_Part#1_भाष्यम्,Commentary - Write your English commentary here,en
536,2927,2.3.48_Part#1_भाष्यम्,ವ್ಯಾಖ್ಯಾನ - ಇಲ್ಲಿ ನಿಮ್ಮ ಕನ್ನಡ ವ್ಯಾಖ್ಯಾನವನ್ನು ಬರೆಯಿರಿ,ka
537,2927,2.3.48_Part#1_भाष्यम्,Commentary - Write your English commentary here,en
538,2938,2.3.49_Part#1_भाष्यम्,ವ್ಯಾಖ್ಯಾನ - ಇಲ್ಲಿ ನಿಮ್ಮ ಕನ್ನಡ ವ್ಯಾಖ್ಯಾನವನ್ನು ಬರೆಯಿರಿ,ka
539,2938,2.3.49_Part#1_भाष्यम्,Commentary - Write your English commentary here,en
540,2949,2.3.50_Part#1_भाष्यम्,ವ್ಯಾಖ್ಯಾನ - ಇಲ್ಲಿ ನಿಮ್ಮ ಕನ್ನಡ ವ್ಯಾಖ್ಯಾನವನ್ನು ಬರೆಯಿರಿ,ka
541,2949,2.3.50_Part#1_भाष्यम्,Commentary - Write your English commentary here,en
542,2960,2.3.51_Part#1_भाष्यम्,ವ್ಯಾಖ್ಯಾನ - ಇಲ್ಲಿ ನಿಮ್ಮ ಕನ್ನಡ ವ್ಯಾಖ್ಯಾನವನ್ನು ಬರೆಯಿರಿ,ka
543,2960,2.3.51_Part#1_भाष्यम्,Commentary - Write your English commentary here,en
544,2971,2.3.52_Part#1_भाष्यम्,ವ್ಯಾಖ್ಯಾನ - ಇಲ್ಲಿ ನಿಮ್ಮ ಕನ್ನಡ ವ್ಯಾಖ್ಯಾನವನ್ನು ಬರೆಯಿರಿ,ka
545,2971,2.3.52_Part#1_भाष्यम्,Commentary - Write your English commentary here,en
546,2982,2.3.53_Part#1_भाष्यम्,ವ್ಯಾಖ್ಯಾನ - ಇಲ್ಲಿ ನಿಮ್ಮ ಕನ್ನಡ ವ್ಯಾಖ್ಯಾನವನ್ನು ಬರೆಯಿರಿ,ka
547,2982,2.3.53_Part#1_भाष्यम्,Commentary - Write your English commentary here,en
548,2993,2.4.1_Part#1_भाष्यम्,ವ್ಯಾಖ್ಯಾನ - ಇಲ್ಲಿ ನಿಮ್ಮ ಕನ್ನಡ ವ್ಯಾಖ್ಯಾನವನ್ನು ಬರೆಯಿರಿ,ka
549,2993,2.4.1_Part#1_भाष्यम्,Commentary - Write your English commentary here,en
550,3004,2.4.2_Part#1_भाष्यम्,ವ್ಯಾಖ್ಯಾನ - ಇಲ್ಲಿ ನಿಮ್ಮ ಕನ್ನಡ ವ್ಯಾಖ್ಯಾನವನ್ನು ಬರೆಯಿರಿ,ka
551,3004,2.4.2_Part#1_भाष्यम्,Commentary - Write your English commentary here,en
552,3015,2.4.3_Part#1_भाष्यम्,ವ್ಯಾಖ್ಯಾನ - ಇಲ್ಲಿ ನಿಮ್ಮ ಕನ್ನಡ ವ್ಯಾಖ್ಯಾನವನ್ನು ಬರೆಯಿರಿ,ka
553,3015,2.4.3_Part#1_भाष्यम्,Commentary - Write your English commentary here,en
554,3026,2.4.4_Part#1_भाष्यम्,ವ್ಯಾಖ್ಯಾನ - ಇಲ್ಲಿ ನಿಮ್ಮ ಕನ್ನಡ ವ್ಯಾಖ್ಯಾನವನ್ನು ಬರೆಯಿರಿ,ka
555,3026,2.4.4_Part#1_भाष्यम्,Commentary - Write your English commentary here,en
556,3037,2.4.5_Part#1_भाष्यम्,ವ್ಯಾಖ್ಯಾನ - ಇಲ್ಲಿ ನಿಮ್ಮ ಕನ್ನಡ ವ್ಯಾಖ್ಯಾನವನ್ನು ಬರೆಯಿರಿ,ka
557,3037,2.4.5_Part#1_भाष्यम्,Commentary - Write your English commentary here,en
558,3048,2.4.6_Part#1_भाष्यम्,ವ್ಯಾಖ್ಯಾನ - ಇಲ್ಲಿ ನಿಮ್ಮ ಕನ್ನಡ ವ್ಯಾಖ್ಯಾನವನ್ನು ಬರೆಯಿರಿ,ka
559,3048,2.4.6_Part#1_भाष्यम्,Commentary - Write your English commentary here,en
560,3059,2.4.7_Part#1_भाष्यम्,ವ್ಯಾಖ್ಯಾನ - ಇಲ್ಲಿ ನಿಮ್ಮ ಕನ್ನಡ ವ್ಯಾಖ್ಯಾನವನ್ನು ಬರೆಯಿರಿ,ka
561,3059,2.4.7_Part#1_भाष्यम्,Commentary - Write your English commentary here,en
562,3070,2.4.8_Part#1_भाष्यम्,ವ್ಯಾಖ್ಯಾನ - ಇಲ್ಲಿ ನಿಮ್ಮ ಕನ್ನಡ ವ್ಯಾಖ್ಯಾನವನ್ನು ಬರೆಯಿರಿ,ka
563,3070,2.4.8_Part#1_भाष्यम्,Commentary - Write your English commentary here,en
564,3081,2.4.9_Part#1_भाष्यम्,ವ್ಯಾಖ್ಯಾನ - ಇಲ್ಲಿ ನಿಮ್ಮ ಕನ್ನಡ ವ್ಯಾಖ್ಯಾನವನ್ನು ಬರೆಯಿರಿ,ka
565,3081,2.4.9_Part#1_भाष्यम्,Commentary - Write your English commentary here,en
566,3092,2.4.10_Part#1_भाष्यम्,ವ್ಯಾಖ್ಯಾನ - ಇಲ್ಲಿ ನಿಮ್ಮ ಕನ್ನಡ ವ್ಯಾಖ್ಯಾನವನ್ನು ಬರೆಯಿರಿ,ka
567,3092,2.4.10_Part#1_भाष्यम्,Commentary - Write your English commentary here,en
568,3103,2.4.11_Part#1_भाष्यम्,ವ್ಯಾಖ್ಯಾನ - ಇಲ್ಲಿ ನಿಮ್ಮ ಕನ್ನಡ ವ್ಯಾಖ್ಯಾನವನ್ನು ಬರೆಯಿರಿ,ka
569,3103,2.4.11_Part#1_भाष्यम्,Commentary - Write your English commentary here,en
570,3114,2.4.12_Part#1_भाष्यम्,ವ್ಯಾಖ್ಯಾನ - ಇಲ್ಲಿ ನಿಮ್ಮ ಕನ್ನಡ ವ್ಯಾಖ್ಯಾನವನ್ನು ಬರೆಯಿರಿ,ka
571,3114,2.4.12_Part#1_भाष्यम्,Commentary - Write your English commentary here,en
572,3125,2.4.13_Part#1_भाष्यम्,ವ್ಯಾಖ್ಯಾನ - ಇಲ್ಲಿ ನಿಮ್ಮ ಕನ್ನಡ ವ್ಯಾಖ್ಯಾನವನ್ನು ಬರೆಯಿರಿ,ka
573,3125,2.4.13_Part#1_भाष्यम्,Commentary - Write your English commentary here,en
574,3136,2.4.14_Part#1_भाष्यम्,ವ್ಯಾಖ್ಯಾನ - ಇಲ್ಲಿ ನಿಮ್ಮ ಕನ್ನಡ ವ್ಯಾಖ್ಯಾನವನ್ನು ಬರೆಯಿರಿ,ka
575,3136,2.4.14_Part#1_भाष्यम्,Commentary - Write your English commentary here,en
576,3147,2.4.15_Part#1_भाष्यम्,ವ್ಯಾಖ್ಯಾನ - ಇಲ್ಲಿ ನಿಮ್ಮ ಕನ್ನಡ ವ್ಯಾಖ್ಯಾನವನ್ನು ಬರೆಯಿರಿ,ka
577,3147,2.4.15_Part#1_भाष्यम्,Commentary - Write your English commentary here,en
578,3158,2.4.16_Part#1_भाष्यम्,ವ್ಯಾಖ್ಯಾನ - ಇಲ್ಲಿ ನಿಮ್ಮ ಕನ್ನಡ ವ್ಯಾಖ್ಯಾನವನ್ನು ಬರೆಯಿರಿ,ka
579,3158,2.4.16_Part#1_भाष्यम्,Commentary - Write your English commentary here,en
580,3169,2.4.17_Part#1_भाष्यम्,ವ್ಯಾಖ್ಯಾನ - ಇಲ್ಲಿ ನಿಮ್ಮ ಕನ್ನಡ ವ್ಯಾಖ್ಯಾನವನ್ನು ಬರೆಯಿರಿ,ka
581,3169,2.4.17_Part#1_भाष्यम्,Commentary - Write your English commentary here,en
582,3180,2.4.18_Part#1_भाष्यम्,ವ್ಯಾಖ್ಯಾನ - ಇಲ್ಲಿ ನಿಮ್ಮ ಕನ್ನಡ ವ್ಯಾಖ್ಯಾನವನ್ನು ಬರೆಯಿರಿ,ka
583,3180,2.4.18_Part#1_भाष्यम्,Commentary - Write your English commentary here,en
584,3191,2.4.19_Part#1_भाष्यम्,ವ್ಯಾಖ್ಯಾನ - ಇಲ್ಲಿ ನಿಮ್ಮ ಕನ್ನಡ ವ್ಯಾಖ್ಯಾನವನ್ನು ಬರೆಯಿರಿ,ka
585,3191,2.4.19_Part#1_भाष्यम्,Commentary - Write your English commentary here,en
586,3202,2.4.20_Part#1_भाष्यम्,ವ್ಯಾಖ್ಯಾನ - ಇಲ್ಲಿ ನಿಮ್ಮ ಕನ್ನಡ ವ್ಯಾಖ್ಯಾನವನ್ನು ಬರೆಯಿರಿ,ka
587,3202,2.4.20_Part#1_भाष्यम्,Commentary - Write your English commentary here,en
588,3213,2.4.21_Part#1_भाष्यम्,ವ್ಯಾಖ್ಯಾನ - ಇಲ್ಲಿ ನಿಮ್ಮ ಕನ್ನಡ ವ್ಯಾಖ್ಯಾನವನ್ನು ಬರೆಯಿರಿ,ka
589,3213,2.4.21_Part#1_भाष्यम्,Commentary - Write your English commentary here,en
590,3224,2.4.22_Part#1_भाष्यम्,ವ್ಯಾಖ್ಯಾನ - ಇಲ್ಲಿ ನಿಮ್ಮ ಕನ್ನಡ ವ್ಯಾಖ್ಯಾನವನ್ನು ಬರೆಯಿರಿ,ka
591,3224,2.4.22_Part#1_भाष्यम्,Commentary - Write your English commentary here,en
592,3235,2.4.23_Part#1_भाष्यम्,ವ್ಯಾಖ್ಯಾನ - ಇಲ್ಲಿ ನಿಮ್ಮ ಕನ್ನಡ ವ್ಯಾಖ್ಯಾನವನ್ನು ಬರೆಯಿರಿ,ka
593,3235,2.4.23_Part#1_भाष्यम्,Commentary - Write your English commentary here,en
594,3246,3.1.1_Part#1_भाष्यम्,ವ್ಯಾಖ್ಯಾನ - ಇಲ್ಲಿ ನಿಮ್ಮ ಕನ್ನಡ ವ್ಯಾಖ್ಯಾನವನ್ನು ಬರೆಯಿರಿ,ka
595,3246,3.1.1_Part#1_भाष्यम्,Commentary - Write your English commentary here,en
596,3257,3.1.2_Part#1_भाष्यम्,ವ್ಯಾಖ್ಯಾನ - ಇಲ್ಲಿ ನಿಮ್ಮ ಕನ್ನಡ ವ್ಯಾಖ್ಯಾನವನ್ನು ಬರೆಯಿರಿ,ka
597,3257,3.1.2_Part#1_भाष्यम्,Commentary - Write your English commentary here,en
598,3268,3.1.3_Part#1_भाष्यम्,ವ್ಯಾಖ್ಯಾನ - ಇಲ್ಲಿ ನಿಮ್ಮ ಕನ್ನಡ ವ್ಯಾಖ್ಯಾನವನ್ನು ಬರೆಯಿರಿ,ka
599,3268,3.1.3_Part#1_भाष्यम्,Commentary - Write your English commentary here,en
600,3279,3.1.4_Part#1_भाष्यम्,ವ್ಯಾಖ್ಯಾನ - ಇಲ್ಲಿ ನಿಮ್ಮ ಕನ್ನಡ ವ್ಯಾಖ್ಯಾನವನ್ನು ಬರೆಯಿರಿ,ka
601,3279,3.1.4_Part#1_भाष्यम्,Commentary - Write your English commentary here,en
602,3290,3.1.5_Part#1_भाष्यम्,ವ್ಯಾಖ್ಯಾನ - ಇಲ್ಲಿ ನಿಮ್ಮ ಕನ್ನಡ ವ್ಯಾಖ್ಯಾನವನ್ನು ಬರೆಯಿರಿ,ka
603,3290,3.1.5_Part#1_भाष्यम्,Commentary - Write your English commentary here,en
604,3301,3.1.6_Part#1_भाष्यम्,ವ್ಯಾಖ್ಯಾನ - ಇಲ್ಲಿ ನಿಮ್ಮ ಕನ್ನಡ ವ್ಯಾಖ್ಯಾನವನ್ನು ಬರೆಯಿರಿ,ka
605,3301,3.1.6_Part#1_भाष्यम्,Commentary - Write your English commentary here,en
606,3312,3.1.7_Part#1_भाष्यम्,ವ್ಯಾಖ್ಯಾನ - ಇಲ್ಲಿ ನಿಮ್ಮ ಕನ್ನಡ ವ್ಯಾಖ್ಯಾನವನ್ನು ಬರೆಯಿರಿ,ka
607,3312,3.1.7_Part#1_भाष्यम्,Commentary - Write your English commentary here,en
608,3323,3.1.8_Part#1_भाष्यम्,ವ್ಯಾಖ್ಯಾನ - ಇಲ್ಲಿ ನಿಮ್ಮ ಕನ್ನಡ ವ್ಯಾಖ್ಯಾನವನ್ನು ಬರೆಯಿರಿ,ka
609,3323,3.1.8_Part#1_भाष्यम्,Commentary - Write your English commentary here,en
610,3334,3.1.9_Part#1_भाष्यम्,ವ್ಯಾಖ್ಯಾನ - ಇಲ್ಲಿ ನಿಮ್ಮ ಕನ್ನಡ ವ್ಯಾಖ್ಯಾನವನ್ನು ಬರೆಯಿರಿ,ka
611,3334,3.1.9_Part#1_भाष्यम्,Commentary - Write your English commentary here,en
612,3345,3.1.10_Part#1_भाष्यम्,ವ್ಯಾಖ್ಯಾನ - ಇಲ್ಲಿ ನಿಮ್ಮ ಕನ್ನಡ ವ್ಯಾಖ್ಯಾನವನ್ನು ಬರೆಯಿರಿ,ka
613,3345,3.1.10_Part#1_भाष्यम्,Commentary - Write your English commentary here,en
614,3356,3.1.11_Part#1_भाष्यम्,ವ್ಯಾಖ್ಯಾನ - ಇಲ್ಲಿ ನಿಮ್ಮ ಕನ್ನಡ ವ್ಯಾಖ್ಯಾನವನ್ನು ಬರೆಯಿರಿ,ka
615,3356,3.1.11_Part#1_भाष्यम्,Commentary - Write your English commentary here,en
616,3367,3.1.12_Part#1_भाष्यम्,ವ್ಯಾಖ್ಯಾನ - ಇಲ್ಲಿ ನಿಮ್ಮ ಕನ್ನಡ ವ್ಯಾಖ್ಯಾನವನ್ನು ಬರೆಯಿರಿ,ka
617,3367,3.1.12_Part#1_भाष्यम्,Commentary - Write your English commentary here,en
618,3378,3.1.13_Part#1_भाष्यम्,ವ್ಯಾಖ್ಯಾನ - ಇಲ್ಲಿ ನಿಮ್ಮ ಕನ್ನಡ ವ್ಯಾಖ್ಯಾನವನ್ನು ಬರೆಯಿರಿ,ka
619,3378,3.1.13_Part#1_भाष्यम्,Commentary - Write your English commentary here,en
620,3389,3.1.14_Part#1_भाष्यम्,ವ್ಯಾಖ್ಯಾನ - ಇಲ್ಲಿ ನಿಮ್ಮ ಕನ್ನಡ ವ್ಯಾಖ್ಯಾನವನ್ನು ಬರೆಯಿರಿ,ka
621,3389,3.1.14_Part#1_भाष्यम्,Commentary - Write your English commentary here,en
622,3400,3.1.15_Part#1_भाष्यम्,ವ್ಯಾಖ್ಯಾನ - ಇಲ್ಲಿ ನಿಮ್ಮ ಕನ್ನಡ ವ್ಯಾಖ್ಯಾನವನ್ನು ಬರೆಯಿರಿ,ka
623,3400,3.1.15_Part#1_भाष्यम्,Commentary - Write your English commentary here,en
624,3411,3.1.16_Part#1_भाष्यम्,ವ್ಯಾಖ್ಯಾನ - ಇಲ್ಲಿ ನಿಮ್ಮ ಕನ್ನಡ ವ್ಯಾಖ್ಯಾನವನ್ನು ಬರೆಯಿರಿ,ka
625,3411,3.1.16_Part#1_भाष्यम्,Commentary - Write your English commentary here,en
626,3422,3.1.17_Part#1_भाष्यम्,ವ್ಯಾಖ್ಯಾನ - ಇಲ್ಲಿ ನಿಮ್ಮ ಕನ್ನಡ ವ್ಯಾಖ್ಯಾನವನ್ನು ಬರೆಯಿರಿ,ka
627,3422,3.1.17_Part#1_भाष्यम्,Commentary - Write your English commentary here,en
628,3433,3.1.18_Part#1_भाष्यम्,ವ್ಯಾಖ್ಯಾನ - ಇಲ್ಲಿ ನಿಮ್ಮ ಕನ್ನಡ ವ್ಯಾಖ್ಯಾನವನ್ನು ಬರೆಯಿರಿ,ka
629,3433,3.1.18_Part#1_भाष्यम्,Commentary - Write your English commentary here,en
630,3444,3.1.19_Part#1_भाष्यम्,ವ್ಯಾಖ್ಯಾನ - ಇಲ್ಲಿ ನಿಮ್ಮ ಕನ್ನಡ ವ್ಯಾಖ್ಯಾನವನ್ನು ಬರೆಯಿರಿ,ka
631,3444,3.1.19_Part#1_भाष्यम्,Commentary - Write your English commentary here,en
632,3455,3.1.20_Part#1_भाष्यम्,ವ್ಯಾಖ್ಯಾನ - ಇಲ್ಲಿ ನಿಮ್ಮ ಕನ್ನಡ ವ್ಯಾಖ್ಯಾನವನ್ನು ಬರೆಯಿರಿ,ka
633,3455,3.1.20_Part#1_भाष्यम्,Commentary - Write your English commentary here,en
634,3466,3.1.21_Part#1_भाष्यम्,ವ್ಯಾಖ್ಯಾನ - ಇಲ್ಲಿ ನಿಮ್ಮ ಕನ್ನಡ ವ್ಯಾಖ್ಯಾನವನ್ನು ಬರೆಯಿರಿ,ka
635,3466,3.1.21_Part#1_भाष्यम्,Commentary - Write your English commentary here,en
636,3477,3.1.22_Part#1_भाष्यम्,ವ್ಯಾಖ್ಯಾನ - ಇಲ್ಲಿ ನಿಮ್ಮ ಕನ್ನಡ ವ್ಯಾಖ್ಯಾನವನ್ನು ಬರೆಯಿರಿ,ka
637,3477,3.1.22_Part#1_भाष्यम्,Commentary - Write your English commentary here,en
638,3488,3.1.23_Part#1_भाष्यम्,ವ್ಯಾಖ್ಯಾನ - ಇಲ್ಲಿ ನಿಮ್ಮ ಕನ್ನಡ ವ್ಯಾಖ್ಯಾನವನ್ನು ಬರೆಯಿರಿ,ka
639,3488,3.1.23_Part#1_भाष्यम्,Commentary - Write your English commentary here,en
640,3499,3.1.24_Part#1_भाष्यम्,ವ್ಯಾಖ್ಯಾನ - ಇಲ್ಲಿ ನಿಮ್ಮ ಕನ್ನಡ ವ್ಯಾಖ್ಯಾನವನ್ನು ಬರೆಯಿರಿ,ka
641,3499,3.1.24_Part#1_भाष्यम्,Commentary - Write your English commentary here,en
642,3510,3.1.25_Part#1_भाष्यम्,ವ್ಯಾಖ್ಯಾನ - ಇಲ್ಲಿ ನಿಮ್ಮ ಕನ್ನಡ ವ್ಯಾಖ್ಯಾನವನ್ನು ಬರೆಯಿರಿ,ka
643,3510,3.1.25_Part#1_भाष्यम्,Commentary - Write your English commentary here,en
644,3521,3.1.26_Part#1_भाष्यम्,ವ್ಯಾಖ್ಯಾನ - ಇಲ್ಲಿ ನಿಮ್ಮ ಕನ್ನಡ ವ್ಯಾಖ್ಯಾನವನ್ನು ಬರೆಯಿರಿ,ka
645,3521,3.1.26_Part#1_भाष्यम्,Commentary - Write your English commentary here,en
646,3532,3.1.27_Part#1_भाष्यम्,ವ್ಯಾಖ್ಯಾನ - ಇಲ್ಲಿ ನಿಮ್ಮ ಕನ್ನಡ ವ್ಯಾಖ್ಯಾನವನ್ನು ಬರೆಯಿರಿ,ka
647,3532,3.1.27_Part#1_भाष्यम्,Commentary - Write your English commentary here,en
648,3543,3.1.28_Part#1_भाष्यम्,ವ್ಯಾಖ್ಯಾನ - ಇಲ್ಲಿ ನಿಮ್ಮ ಕನ್ನಡ ವ್ಯಾಖ್ಯಾನವನ್ನು ಬರೆಯಿರಿ,ka
649,3543,3.1.28_Part#1_भाष्यम्,Commentary - Write your English commentary here,en
650,3554,3.1.29_Part#1_भाष्यम्,ವ್ಯಾಖ್ಯಾನ - ಇಲ್ಲಿ ನಿಮ್ಮ ಕನ್ನಡ ವ್ಯಾಖ್ಯಾನವನ್ನು ಬರೆಯಿರಿ,ka
651,3554,3.1.29_Part#1_भाष्यम्,Commentary - Write your English commentary here,en
652,3565,3.2.1_Part#1_भाष्यम्,ವ್ಯಾಖ್ಯಾನ - ಇಲ್ಲಿ ನಿಮ್ಮ ಕನ್ನಡ ವ್ಯಾಖ್ಯಾನವನ್ನು ಬರೆಯಿರಿ,ka
653,3565,3.2.1_Part#1_भाष्यम्,Commentary - Write your English commentary here,en
654,3576,3.2.2_Part#1_भाष्यम्,ವ್ಯಾಖ್ಯಾನ - ಇಲ್ಲಿ ನಿಮ್ಮ ಕನ್ನಡ ವ್ಯಾಖ್ಯಾನವನ್ನು ಬರೆಯಿರಿ,ka
655,3576,3.2.2_Part#1_भाष्यम्,Commentary - Write your English commentary here,en
656,3587,3.2.3_Part#1_भाष्यम्,ವ್ಯಾಖ್ಯಾನ - ಇಲ್ಲಿ ನಿಮ್ಮ ಕನ್ನಡ ವ್ಯಾಖ್ಯಾನವನ್ನು ಬರೆಯಿರಿ,ka
657,3587,3.2.3_Part#1_भाष्यम्,Commentary - Write your English commentary here,en
658,3598,3.2.4_Part#1_भाष्यम्,ವ್ಯಾಖ್ಯಾನ - ಇಲ್ಲಿ ನಿಮ್ಮ ಕನ್ನಡ ವ್ಯಾಖ್ಯಾನವನ್ನು ಬರೆಯಿರಿ,ka
659,3598,3.2.4_Part#1_भाष्यम्,Commentary - Write your English commentary here,en
660,3609,3.2.5_Part#1_भाष्यम्,ವ್ಯಾಖ್ಯಾನ - ಇಲ್ಲಿ ನಿಮ್ಮ ಕನ್ನಡ ವ್ಯಾಖ್ಯಾನವನ್ನು ಬರೆಯಿರಿ,ka
661,3609,3.2.5_Part#1_भाष्यम्,Commentary - Write your English commentary here,en
662,3620,3.2.6_Part#1_भाष्यम्,ವ್ಯಾಖ್ಯಾನ - ಇಲ್ಲಿ ನಿಮ್ಮ ಕನ್ನಡ ವ್ಯಾಖ್ಯಾನವನ್ನು ಬರೆಯಿರಿ,ka
663,3620,3.2.6_Part#1_भाष्यम्,Commentary - Write your English commentary here,en
664,3631,3.2.7_Part#1_भाष्यम्,ವ್ಯಾಖ್ಯಾನ - ಇಲ್ಲಿ ನಿಮ್ಮ ಕನ್ನಡ ವ್ಯಾಖ್ಯಾನವನ್ನು ಬರೆಯಿರಿ,ka
665,3631,3.2.7_Part#1_भाष्यम्,Commentary - Write your English commentary here,en
666,3642,3.2.8_Part#1_भाष्यम्,ವ್ಯಾಖ್ಯಾನ - ಇಲ್ಲಿ ನಿಮ್ಮ ಕನ್ನಡ ವ್ಯಾಖ್ಯಾನವನ್ನು ಬರೆಯಿರಿ,ka
667,3642,3.2.8_Part#1_भाष्यम्,Commentary - Write your English commentary here,en
668,3653,3.2.9_Part#1_भाष्यम्,ವ್ಯಾಖ್ಯಾನ - ಇಲ್ಲಿ ನಿಮ್ಮ ಕನ್ನಡ ವ್ಯಾಖ್ಯಾನವನ್ನು ಬರೆಯಿರಿ,ka
669,3653,3.2.9_Part#1_भाष्यम्,Commentary - Write your English commentary here,en
670,3664,3.2.10_Part#1_भाष्यम्,ವ್ಯಾಖ್ಯಾನ - ಇಲ್ಲಿ ನಿಮ್ಮ ಕನ್ನಡ ವ್ಯಾಖ್ಯಾನವನ್ನು ಬರೆಯಿರಿ,ka
671,3664,3.2.10_Part#1_भाष्यम्,Commentary - Write your English commentary here,en
672,3675,3.2.11_Part#1_भाष्यम्,ವ್ಯಾಖ್ಯಾನ - ಇಲ್ಲಿ ನಿಮ್ಮ ಕನ್ನಡ ವ್ಯಾಖ್ಯಾನವನ್ನು ಬರೆಯಿರಿ,ka
673,3675,3.2.11_Part#1_भाष्यम्,Commentary - Write your English commentary here,en
674,3686,3.2.12_Part#1_भाष्यम्,ವ್ಯಾಖ್ಯಾನ - ಇಲ್ಲಿ ನಿಮ್ಮ ಕನ್ನಡ ವ್ಯಾಖ್ಯಾನವನ್ನು ಬರೆಯಿರಿ,ka
675,3686,3.2.12_Part#1_भाष्यम्,Commentary - Write your English commentary here,en
676,3697,3.2.13_Part#1_भाष्यम्,ವ್ಯಾಖ್ಯಾನ - ಇಲ್ಲಿ ನಿಮ್ಮ ಕನ್ನಡ ವ್ಯಾಖ್ಯಾನವನ್ನು ಬರೆಯಿರಿ,ka
677,3697,3.2.13_Part#1_भाष्यम्,Commentary - Write your English commentary here,en
678,3708,3.2.14_Part#1_भाष्यम्,ವ್ಯಾಖ್ಯಾನ - ಇಲ್ಲಿ ನಿಮ್ಮ ಕನ್ನಡ ವ್ಯಾಖ್ಯಾನವನ್ನು ಬರೆಯಿರಿ,ka
679,3708,3.2.14_Part#1_भाष्यम्,Commentary - Write your English commentary here,en
680,3719,3.2.15_Part#1_भाष्यम्,ವ್ಯಾಖ್ಯಾನ - ಇಲ್ಲಿ ನಿಮ್ಮ ಕನ್ನಡ ವ್ಯಾಖ್ಯಾನವನ್ನು ಬರೆಯಿರಿ,ka
681,3719,3.2.15_Part#1_भाष्यम्,Commentary - Write your English commentary here,en
682,3730,3.2.16_Part#1_भाष्यम्,ವ್ಯಾಖ್ಯಾನ - ಇಲ್ಲಿ ನಿಮ್ಮ ಕನ್ನಡ ವ್ಯಾಖ್ಯಾನವನ್ನು ಬರೆಯಿರಿ,ka
683,3730,3.2.16_Part#1_भाष्यम्,Commentary - Write your English commentary here,en
684,3741,3.2.17_Part#1_भाष्यम्,ವ್ಯಾಖ್ಯಾನ - ಇಲ್ಲಿ ನಿಮ್ಮ ಕನ್ನಡ ವ್ಯಾಖ್ಯಾನವನ್ನು ಬರೆಯಿರಿ,ka
685,3741,3.2.17_Part#1_भाष्यम्,Commentary - Write your English commentary here,en
686,3752,3.2.18_Part#1_भाष्यम्,ವ್ಯಾಖ್ಯಾನ - ಇಲ್ಲಿ ನಿಮ್ಮ ಕನ್ನಡ ವ್ಯಾಖ್ಯಾನವನ್ನು ಬರೆಯಿರಿ,ka
687,3752,3.2.18_Part#1_भाष्यम्,Commentary - Write your English commentary here,en
688,3763,3.2.19_Part#1_भाष्यम्,ವ್ಯಾಖ್ಯಾನ - ಇಲ್ಲಿ ನಿಮ್ಮ ಕನ್ನಡ ವ್ಯಾಖ್ಯಾನವನ್ನು ಬರೆಯಿರಿ,ka
689,3763,3.2.19_Part#1_भाष्यम्,Commentary - Write your English commentary here,en
690,3774,3.2.20_Part#1_भाष्यम्,ವ್ಯಾಖ್ಯಾನ - ಇಲ್ಲಿ ನಿಮ್ಮ ಕನ್ನಡ ವ್ಯಾಖ್ಯಾನವನ್ನು ಬರೆಯಿರಿ,ka
691,3774,3.2.20_Part#1_भाष्यम्,Commentary - Write your English commentary here,en
692,3785,3.2.21_Part#1_भाष्यम्,ವ್ಯಾಖ್ಯಾನ - ಇಲ್ಲಿ ನಿಮ್ಮ ಕನ್ನಡ ವ್ಯಾಖ್ಯಾನವನ್ನು ಬರೆಯಿರಿ,ka
693,3785,3.2.21_Part#1_भाष्यम्,Commentary - Write your English commentary here,en
694,3796,3.2.22_Part#1_भाष्यम्,ವ್ಯಾಖ್ಯಾನ - ಇಲ್ಲಿ ನಿಮ್ಮ ಕನ್ನಡ ವ್ಯಾಖ್ಯಾನವನ್ನು ಬರೆಯಿರಿ,ka
695,3796,3.2.22_Part#1_भाष्यम्,Commentary - Write your English commentary here,en
696,3807,3.2.23_Part#1_भाष्यम्,ವ್ಯಾಖ್ಯಾನ - ಇಲ್ಲಿ ನಿಮ್ಮ ಕನ್ನಡ ವ್ಯಾಖ್ಯಾನವನ್ನು ಬರೆಯಿರಿ,ka
697,3807,3.2.23_Part#1_भाष्यम्,Commentary - Write your English commentary here,en
698,3818,3.2.24_Part#1_भाष्यम्,ವ್ಯಾಖ್ಯಾನ - ಇಲ್ಲಿ ನಿಮ್ಮ ಕನ್ನಡ ವ್ಯಾಖ್ಯಾನವನ್ನು ಬರೆಯಿರಿ,ka
699,3818,3.2.24_Part#1_भाष्यम्,Commentary - Write your English commentary here,en
700,3829,3.2.25_Part#1_भाष्यम्,ವ್ಯಾಖ್ಯಾನ - ಇಲ್ಲಿ ನಿಮ್ಮ ಕನ್ನಡ ವ್ಯಾಖ್ಯಾನವನ್ನು ಬರೆಯಿರಿ,ka
701,3829,3.2.25_Part#1_भाष्यम्,Commentary - Write your English commentary here,en
702,3840,3.2.26_Part#1_भाष्यम्,ವ್ಯಾಖ್ಯಾನ - ಇಲ್ಲಿ ನಿಮ್ಮ ಕನ್ನಡ ವ್ಯಾಖ್ಯಾನವನ್ನು ಬರೆಯಿರಿ,ka
703,3840,3.2.26_Part#1_भाष्यम्,Commentary - Write your English commentary here,en
704,3851,3.2.27_Part#1_भाष्यम्,ವ್ಯಾಖ್ಯಾನ - ಇಲ್ಲಿ ನಿಮ್ಮ ಕನ್ನಡ ವ್ಯಾಖ್ಯಾನವನ್ನು ಬರೆಯಿರಿ,ka
705,3851,3.2.27_Part#1_भाष्यम्,Commentary - Write your English commentary here,en
706,3862,3.2.28_Part#1_भाष्यम्,ವ್ಯಾಖ್ಯಾನ - ಇಲ್ಲಿ ನಿಮ್ಮ ಕನ್ನಡ ವ್ಯಾಖ್ಯಾನವನ್ನು ಬರೆಯಿರಿ,ka
707,3862,3.2.28_Part#1_भाष्यम्,Commentary - Write your English commentary here,en
708,3873,3.2.29_Part#1_भाष्यम्,ವ್ಯಾಖ್ಯಾನ - ಇಲ್ಲಿ ನಿಮ್ಮ ಕನ್ನಡ ವ್ಯಾಖ್ಯಾನವನ್ನು ಬರೆಯಿರಿ,ka
709,3873,3.2.29_Part#1_भाष्यम्,Commentary - Write your English commentary here,en
710,3884,3.2.30_Part#1_भाष्यम्,ವ್ಯಾಖ್ಯಾನ - ಇಲ್ಲಿ ನಿಮ್ಮ ಕನ್ನಡ ವ್ಯಾಖ್ಯಾನವನ್ನು ಬರೆಯಿರಿ,ka
711,3884,3.2.30_Part#1_भाष्यम्,Commentary - Write your English commentary here,en
712,3895,3.2.31_Part#1_भाष्यम्,ವ್ಯಾಖ್ಯಾನ - ಇಲ್ಲಿ ನಿಮ್ಮ ಕನ್ನಡ ವ್ಯಾಖ್ಯಾನವನ್ನು ಬರೆಯಿರಿ,ka
713,3895,3.2.31_Part#1_भाष्यम्,Commentary - Write your English commentary here,en
714,3906,3.2.32_Part#1_भाष्यम्,ವ್ಯಾಖ್ಯಾನ - ಇಲ್ಲಿ ನಿಮ್ಮ ಕನ್ನಡ ವ್ಯಾಖ್ಯಾನವನ್ನು ಬರೆಯಿರಿ,ka
715,3906,3.2.32_Part#1_भाष्यम्,Commentary - Write your English commentary here,en
716,3917,3.2.33_Part#1_भाष्यम्,ವ್ಯಾಖ್ಯಾನ - ಇಲ್ಲಿ ನಿಮ್ಮ ಕನ್ನಡ ವ್ಯಾಖ್ಯಾನವನ್ನು ಬರೆಯಿರಿ,ka
717,3917,3.2.33_Part#1_भाष्यम्,Commentary - Write your English commentary here,en
718,3928,3.2.34_Part#1_भाष्यम्,ವ್ಯಾಖ್ಯಾನ - ಇಲ್ಲಿ ನಿಮ್ಮ ಕನ್ನಡ ವ್ಯಾಖ್ಯಾನವನ್ನು ಬರೆಯಿರಿ,ka
719,3928,3.2.34_Part#1_भाष्यम्,Commentary - Write your English commentary here,en
720,3939,3.2.35_Part#1_भाष्यम्,ವ್ಯಾಖ್ಯಾನ - ಇಲ್ಲಿ ನಿಮ್ಮ ಕನ್ನಡ ವ್ಯಾಖ್ಯಾನವನ್ನು ಬರೆಯಿರಿ,ka
721,3939,3.2.35_Part#1_भाष्यम्,Commentary - Write your English commentary here,en
722,3950,3.2.36_Part#1_भाष्यम्,ವ್ಯಾಖ್ಯಾನ - ಇಲ್ಲಿ ನಿಮ್ಮ ಕನ್ನಡ ವ್ಯಾಖ್ಯಾನವನ್ನು ಬರೆಯಿರಿ,ka
723,3950,3.2.36_Part#1_भाष्यम्,Commentary - Write your English commentary here,en
724,3961,3.2.37_Part#1_भाष्यम्,ವ್ಯಾಖ್ಯಾನ - ಇಲ್ಲಿ ನಿಮ್ಮ ಕನ್ನಡ ವ್ಯಾಖ್ಯಾನವನ್ನು ಬರೆಯಿರಿ,ka
725,3961,3.2.37_Part#1_भाष्यम्,Commentary - Write your English commentary here,en
726,3972,3.2.38_Part#1_भाष्यम्,ವ್ಯಾಖ್ಯಾನ - ಇಲ್ಲಿ ನಿಮ್ಮ ಕನ್ನಡ ವ್ಯಾಖ್ಯಾನವನ್ನು ಬರೆಯಿರಿ,ka
727,3972,3.2.38_Part#1_भाष्यम्,Commentary - Write your English commentary here,en
728,3983,3.2.39_Part#1_भाष्यम्,ವ್ಯಾಖ್ಯಾನ - ಇಲ್ಲಿ ನಿಮ್ಮ ಕನ್ನಡ ವ್ಯಾಖ್ಯಾನವನ್ನು ಬರೆಯಿರಿ,ka
729,3983,3.2.39_Part#1_भाष्यम्,Commentary - Write your English commentary here,en
730,3994,3.2.40_Part#1_भाष्यम्,ವ್ಯಾಖ್ಯಾನ - ಇಲ್ಲಿ ನಿಮ್ಮ ಕನ್ನಡ ವ್ಯಾಖ್ಯಾನವನ್ನು ಬರೆಯಿರಿ,ka
731,3994,3.2.40_Part#1_भाष्यम्,Commentary - Write your English commentary here,en
732,4005,3.2.41_Part#1_भाष्यम्,ವ್ಯಾಖ್ಯಾನ - ಇಲ್ಲಿ ನಿಮ್ಮ ಕನ್ನಡ ವ್ಯಾಖ್ಯಾನವನ್ನು ಬರೆಯಿರಿ,ka
733,4005,3.2.41_Part#1_भाष्यम्,Commentary - Write your English commentary here,en
734,4016,3.2.42_Part#1_भाष्यम्,ವ್ಯಾಖ್ಯಾನ - ಇಲ್ಲಿ ನಿಮ್ಮ ಕನ್ನಡ ವ್ಯಾಖ್ಯಾನವನ್ನು ಬರೆಯಿರಿ,ka
735,4016,3.2.42_Part#1_भाष्यम्,Commentary - Write your English commentary here,en
736,4027,3.3.1_Part#1_भाष्यम्,ವ್ಯಾಖ್ಯಾನ - ಇಲ್ಲಿ ನಿಮ್ಮ ಕನ್ನಡ ವ್ಯಾಖ್ಯಾನವನ್ನು ಬರೆಯಿರಿ,ka
737,4027,3.3.1_Part#1_भाष्यम्,Commentary - Write your English commentary here,en
738,4038,3.3.2_Part#1_भाष्यम्,ವ್ಯಾಖ್ಯಾನ - ಇಲ್ಲಿ ನಿಮ್ಮ ಕನ್ನಡ ವ್ಯಾಖ್ಯಾನವನ್ನು ಬರೆಯಿರಿ,ka
739,4038,3.3.2_Part#1_भाष्यम्,Commentary - Write your English commentary here,en
740,4049,3.3.3_Part#1_भाष्यम्,ವ್ಯಾಖ್ಯಾನ - ಇಲ್ಲಿ ನಿಮ್ಮ ಕನ್ನಡ ವ್ಯಾಖ್ಯಾನವನ್ನು ಬರೆಯಿರಿ,ka
741,4049,3.3.3_Part#1_भाष्यम्,Commentary - Write your English commentary here,en
742,4060,3.3.4_Part#1_भाष्यम्,ವ್ಯಾಖ್ಯಾನ - ಇಲ್ಲಿ ನಿಮ್ಮ ಕನ್ನಡ ವ್ಯಾಖ್ಯಾನವನ್ನು ಬರೆಯಿರಿ,ka
743,4060,3.3.4_Part#1_भाष्यम्,Commentary - Write your English commentary here,en
744,4071,3.3.5_Part#1_भाष्यम्,ವ್ಯಾಖ್ಯಾನ - ಇಲ್ಲಿ ನಿಮ್ಮ ಕನ್ನಡ ವ್ಯಾಖ್ಯಾನವನ್ನು ಬರೆಯಿರಿ,ka
745,4071,3.3.5_Part#1_भाष्यम्,Commentary - Write your English commentary here,en
746,4082,3.3.6_Part#1_भाष्यम्,ವ್ಯಾಖ್ಯಾನ - ಇಲ್ಲಿ ನಿಮ್ಮ ಕನ್ನಡ ವ್ಯಾಖ್ಯಾನವನ್ನು ಬರೆಯಿರಿ,ka
747,4082,3.3.6_Part#1_भाष्यम्,Commentary - Write your English commentary here,en
748,4093,3.3.7_Part#1_भाष्यम्,ವ್ಯಾಖ್ಯಾನ - ಇಲ್ಲಿ ನಿಮ್ಮ ಕನ್ನಡ ವ್ಯಾಖ್ಯಾನವನ್ನು ಬರೆಯಿರಿ,ka
749,4093,3.3.7_Part#1_भाष्यम्,Commentary - Write your English commentary here,en
750,4104,3.3.8_Part#1_भाष्यम्,ವ್ಯಾಖ್ಯಾನ - ಇಲ್ಲಿ ನಿಮ್ಮ ಕನ್ನಡ ವ್ಯಾಖ್ಯಾನವನ್ನು ಬರೆಯಿರಿ,ka
751,4104,3.3.8_Part#1_भाष्यम्,Commentary - Write your English commentary here,en
752,4115,3.3.9_Part#1_भाष्यम्,ವ್ಯಾಖ್ಯಾನ - ಇಲ್ಲಿ ನಿಮ್ಮ ಕನ್ನಡ ವ್ಯಾಖ್ಯಾನವನ್ನು ಬರೆಯಿರಿ,ka
753,4115,3.3.9_Part#1_भाष्यम्,Commentary - Write your English commentary here,en
754,4126,3.3.10_Part#1_भाष्यम्,ವ್ಯಾಖ್ಯಾನ - ಇಲ್ಲಿ ನಿಮ್ಮ ಕನ್ನಡ ವ್ಯಾಖ್ಯಾನವನ್ನು ಬರೆಯಿರಿ,ka
755,4126,3.3.10_Part#1_भाष्यम्,Commentary - Write your English commentary here,en
756,4137,3.3.11_Part#1_भाष्यम्,ವ್ಯಾಖ್ಯಾನ - ಇಲ್ಲಿ ನಿಮ್ಮ ಕನ್ನಡ ವ್ಯಾಖ್ಯಾನವನ್ನು ಬರೆಯಿರಿ,ka
757,4137,3.3.11_Part#1_भाष्यम्,Commentary - Write your English commentary here,en
758,4148,3.3.12_Part#1_भाष्यम्,ವ್ಯಾಖ್ಯಾನ - ಇಲ್ಲಿ ನಿಮ್ಮ ಕನ್ನಡ ವ್ಯಾಖ್ಯಾನವನ್ನು ಬರೆಯಿರಿ,ka
759,4148,3.3.12_Part#1_भाष्यम्,Commentary - Write your English commentary here,en
760,4159,3.3.13_Part#1_भाष्यम्,ವ್ಯಾಖ್ಯಾನ - ಇಲ್ಲಿ ನಿಮ್ಮ ಕನ್ನಡ ವ್ಯಾಖ್ಯಾನವನ್ನು ಬರೆಯಿರಿ,ka
761,4159,3.3.13_Part#1_भाष्यम्,Commentary - Write your English commentary here,en
762,4170,3.3.14_Part#1_भाष्यम्,ವ್ಯಾಖ್ಯಾನ - ಇಲ್ಲಿ ನಿಮ್ಮ ಕನ್ನಡ ವ್ಯಾಖ್ಯಾನವನ್ನು ಬರೆಯಿರಿ,ka
763,4170,3.3.14_Part#1_भाष्यम्,Commentary - Write your English commentary here,en
764,4181,3.3.15_Part#1_भाष्यम्,ವ್ಯಾಖ್ಯಾನ - ಇಲ್ಲಿ ನಿಮ್ಮ ಕನ್ನಡ ವ್ಯಾಖ್ಯಾನವನ್ನು ಬರೆಯಿರಿ,ka
765,4181,3.3.15_Part#1_भाष्यम्,Commentary - Write your English commentary here,en
766,4192,3.3.16_Part#1_भाष्यम्,ವ್ಯಾಖ್ಯಾನ - ಇಲ್ಲಿ ನಿಮ್ಮ ಕನ್ನಡ ವ್ಯಾಖ್ಯಾನವನ್ನು ಬರೆಯಿರಿ,ka
767,4192,3.3.16_Part#1_भाष्यम्,Commentary - Write your English commentary here,en
768,4203,3.3.17_Part#1_भाष्यम्,ವ್ಯಾಖ್ಯಾನ - ಇಲ್ಲಿ ನಿಮ್ಮ ಕನ್ನಡ ವ್ಯಾಖ್ಯಾನವನ್ನು ಬರೆಯಿರಿ,ka
769,4203,3.3.17_Part#1_भाष्यम्,Commentary - Write your English commentary here,en
770,4214,3.3.18_Part#1_भाष्यम्,ವ್ಯಾಖ್ಯಾನ - ಇಲ್ಲಿ ನಿಮ್ಮ ಕನ್ನಡ ವ್ಯಾಖ್ಯಾನವನ್ನು ಬರೆಯಿರಿ,ka
771,4214,3.3.18_Part#1_भाष्यम्,Commentary - Write your English commentary here,en
772,4225,3.3.19_Part#1_भाष्यम्,ವ್ಯಾಖ್ಯಾನ - ಇಲ್ಲಿ ನಿಮ್ಮ ಕನ್ನಡ ವ್ಯಾಖ್ಯಾನವನ್ನು ಬರೆಯಿರಿ,ka
773,4225,3.3.19_Part#1_भाष्यम्,Commentary - Write your English commentary here,en
774,4236,3.3.20_Part#1_भाष्यम्,ವ್ಯಾಖ್ಯಾನ - ಇಲ್ಲಿ ನಿಮ್ಮ ಕನ್ನಡ ವ್ಯಾಖ್ಯಾನವನ್ನು ಬರೆಯಿರಿ,ka
775,4236,3.3.20_Part#1_भाष्यम्,Commentary - Write your English commentary here,en
776,4247,3.3.21_Part#1_भाष्यम्,ವ್ಯಾಖ್ಯಾನ - ಇಲ್ಲಿ ನಿಮ್ಮ ಕನ್ನಡ ವ್ಯಾಖ್ಯಾನವನ್ನು ಬರೆಯಿರಿ,ka
777,4247,3.3.21_Part#1_भाष्यम्,Commentary - Write your English commentary here,en
778,4258,3.3.22_Part#1_भाष्यम्,ವ್ಯಾಖ್ಯಾನ - ಇಲ್ಲಿ ನಿಮ್ಮ ಕನ್ನಡ ವ್ಯಾಖ್ಯಾನವನ್ನು ಬರೆಯಿರಿ,ka
779,4258,3.3.22_Part#1_भाष्यम्,Commentary - Write your English commentary here,en
780,4269,3.3.23_Part#1_भाष्यम्,ವ್ಯಾಖ್ಯಾನ - ಇಲ್ಲಿ ನಿಮ್ಮ ಕನ್ನಡ ವ್ಯಾಖ್ಯಾನವನ್ನು ಬರೆಯಿರಿ,ka
781,4269,3.3.23_Part#1_भाष्यम्,Commentary - Write your English commentary here,en
782,4280,3.3.24_Part#1_भाष्यम्,ವ್ಯಾಖ್ಯಾನ - ಇಲ್ಲಿ ನಿಮ್ಮ ಕನ್ನಡ ವ್ಯಾಖ್ಯಾನವನ್ನು ಬರೆಯಿರಿ,ka
783,4280,3.3.24_Part#1_भाष्यम्,Commentary - Write your English commentary here,en
784,4291,3.3.25_Part#1_भाष्यम्,ವ್ಯಾಖ್ಯಾನ - ಇಲ್ಲಿ ನಿಮ್ಮ ಕನ್ನಡ ವ್ಯಾಖ್ಯಾನವನ್ನು ಬರೆಯಿರಿ,ka
785,4291,3.3.25_Part#1_भाष्यम्,Commentary - Write your English commentary here,en
786,4302,3.3.26_Part#1_भाष्यम्,ವ್ಯಾಖ್ಯಾನ - ಇಲ್ಲಿ ನಿಮ್ಮ ಕನ್ನಡ ವ್ಯಾಖ್ಯಾನವನ್ನು ಬರೆಯಿರಿ,ka
787,4302,3.3.26_Part#1_भाष्यम्,Commentary - Write your English commentary here,en
788,4313,3.3.27_Part#1_भाष्यम्,ವ್ಯಾಖ್ಯಾನ - ಇಲ್ಲಿ ನಿಮ್ಮ ಕನ್ನಡ ವ್ಯಾಖ್ಯಾನವನ್ನು ಬರೆಯಿರಿ,ka
789,4313,3.3.27_Part#1_भाष्यम्,Commentary - Write your English commentary here,en
790,4324,3.3.28_Part#1_भाष्यम्,ವ್ಯಾಖ್ಯಾನ - ಇಲ್ಲಿ ನಿಮ್ಮ ಕನ್ನಡ ವ್ಯಾಖ್ಯಾನವನ್ನು ಬರೆಯಿರಿ,ka
791,4324,3.3.28_Part#1_भाष्यम्,Commentary - Write your English commentary here,en
792,4335,3.3.29_Part#1_भाष्यम्,ವ್ಯಾಖ್ಯಾನ - ಇಲ್ಲಿ ನಿಮ್ಮ ಕನ್ನಡ ವ್ಯಾಖ್ಯಾನವನ್ನು ಬರೆಯಿರಿ,ka
793,4335,3.3.29_Part#1_भाष्यम्,Commentary - Write your English commentary here,en
794,4346,3.3.30_Part#1_भाष्यम्,ವ್ಯಾಖ್ಯಾನ - ಇಲ್ಲಿ ನಿಮ್ಮ ಕನ್ನಡ ವ್ಯಾಖ್ಯಾನವನ್ನು ಬರೆಯಿರಿ,ka
795,4346,3.3.30_Part#1_भाष्यम्,Commentary - Write your English commentary here,en
796,4357,3.3.31_Part#1_भाष्यम्,ವ್ಯಾಖ್ಯಾನ - ಇಲ್ಲಿ ನಿಮ್ಮ ಕನ್ನಡ ವ್ಯಾಖ್ಯಾನವನ್ನು ಬರೆಯಿರಿ,ka
797,4357,3.3.31_Part#1_भाष्यम्,Commentary - Write your English commentary here,en
798,4368,3.3.32_Part#1_भाष्यम्,ವ್ಯಾಖ್ಯಾನ - ಇಲ್ಲಿ ನಿಮ್ಮ ಕನ್ನಡ ವ್ಯಾಖ್ಯಾನವನ್ನು ಬರೆಯಿರಿ,ka
799,4368,3.3.32_Part#1_भाष्यम्,Commentary - Write your English commentary here,en
800,4379,3.3.33_Part#1_भाष्यम्,ವ್ಯಾಖ್ಯಾನ - ಇಲ್ಲಿ ನಿಮ್ಮ ಕನ್ನಡ ವ್ಯಾಖ್ಯಾನವನ್ನು ಬರೆಯಿರಿ,ka
801,4379,3.3.33_Part#1_भाष्यम्,Commentary - Write your English commentary here,en
802,4390,3.3.34_Part#1_भाष्यम्,ವ್ಯಾಖ್ಯಾನ - ಇಲ್ಲಿ ನಿಮ್ಮ ಕನ್ನಡ ವ್ಯಾಖ್ಯಾನವನ್ನು ಬರೆಯಿರಿ,ka
803,4390,3.3.34_Part#1_भाष्यम्,Commentary - Write your English commentary here,en
804,4401,3.3.35_Part#1_भाष्यम्,ವ್ಯಾಖ್ಯಾನ - ಇಲ್ಲಿ ನಿಮ್ಮ ಕನ್ನಡ ವ್ಯಾಖ್ಯಾನವನ್ನು ಬರೆಯಿರಿ,ka
805,4401,3.3.35_Part#1_भाष्यम्,Commentary - Write your English commentary here,en
806,4412,3.3.36_Part#1_भाष्यम्,ವ್ಯಾಖ್ಯಾನ - ಇಲ್ಲಿ ನಿಮ್ಮ ಕನ್ನಡ ವ್ಯಾಖ್ಯಾನವನ್ನು ಬರೆಯಿರಿ,ka
807,4412,3.3.36_Part#1_भाष्यम्,Commentary - Write your English commentary here,en
808,4423,3.3.37_Part#1_भाष्यम्,ವ್ಯಾಖ್ಯಾನ - ಇಲ್ಲಿ ನಿಮ್ಮ ಕನ್ನಡ ವ್ಯಾಖ್ಯಾನವನ್ನು ಬರೆಯಿರಿ,ka
809,4423,3.3.37_Part#1_भाष्यम्,Commentary - Write your English commentary here,en
810,4434,3.3.38_Part#1_भाष्यम्,ವ್ಯಾಖ್ಯಾನ - ಇಲ್ಲಿ ನಿಮ್ಮ ಕನ್ನಡ ವ್ಯಾಖ್ಯಾನವನ್ನು ಬರೆಯಿರಿ,ka
811,4434,3.3.38_Part#1_भाष्यम्,Commentary - Write your English commentary here,en
812,4445,3.3.40_Part#1_भाष्यम्,ವ್ಯಾಖ್ಯಾನ - ಇಲ್ಲಿ ನಿಮ್ಮ ಕನ್ನಡ ವ್ಯಾಖ್ಯಾನವನ್ನು ಬರೆಯಿರಿ,ka
813,4445,3.3.40_Part#1_भाष्यम्,Commentary - Write your English commentary here,en
814,4456,3.3.41_Part#1_भाष्यम्,ವ್ಯಾಖ್ಯಾನ - ಇಲ್ಲಿ ನಿಮ್ಮ ಕನ್ನಡ ವ್ಯಾಖ್ಯಾನವನ್ನು ಬರೆಯಿರಿ,ka
815,4456,3.3.41_Part#1_भाष्यम्,Commentary - Write your English commentary here,en
816,4467,3.3.42_Part#1_भाष्यम्,ವ್ಯಾಖ್ಯಾನ - ಇಲ್ಲಿ ನಿಮ್ಮ ಕನ್ನಡ ವ್ಯಾಖ್ಯಾನವನ್ನು ಬರೆಯಿರಿ,ka
817,4467,3.3.42_Part#1_भाष्यम्,Commentary - Write your English commentary here,en
818,4478,3.3.43_Part#1_भाष्यम्,ವ್ಯಾಖ್ಯಾನ - ಇಲ್ಲಿ ನಿಮ್ಮ ಕನ್ನಡ ವ್ಯಾಖ್ಯಾನವನ್ನು ಬರೆಯಿರಿ,ka
819,4478,3.3.43_Part#1_भाष्यम्,Commentary - Write your English commentary here,en
820,4489,3.3.44_Part#1_भाष्यम्,ವ್ಯಾಖ್ಯಾನ - ಇಲ್ಲಿ ನಿಮ್ಮ ಕನ್ನಡ ವ್ಯಾಖ್ಯಾನವನ್ನು ಬರೆಯಿರಿ,ka
821,4489,3.3.44_Part#1_भाष्यम्,Commentary - Write your English commentary here,en
822,4500,3.3.45_Part#1_भाष्यम्,ವ್ಯಾಖ್ಯಾನ - ಇಲ್ಲಿ ನಿಮ್ಮ ಕನ್ನಡ ವ್ಯಾಖ್ಯಾನವನ್ನು ಬರೆಯಿರಿ,ka
823,4500,3.3.45_Part#1_भाष्यम्,Commentary - Write your English commentary here,en
824,4511,3.3.46_Part#1_भाष्यम्,ವ್ಯಾಖ್ಯಾನ - ಇಲ್ಲಿ ನಿಮ್ಮ ಕನ್ನಡ ವ್ಯಾಖ್ಯಾನವನ್ನು ಬರೆಯಿರಿ,ka
825,4511,3.3.46_Part#1_भाष्यम्,Commentary - Write your English commentary here,en
826,4522,3.3.47_Part#1_भाष्यम्,ವ್ಯಾಖ್ಯಾನ - ಇಲ್ಲಿ ನಿಮ್ಮ ಕನ್ನಡ ವ್ಯಾಖ್ಯಾನವನ್ನು ಬರೆಯಿರಿ,ka
827,4522,3.3.47_Part#1_भाष्यम्,Commentary - Write your English commentary here,en
828,4533,3.3.48_Part#1_भाष्यम्,ವ್ಯಾಖ್ಯಾನ - ಇಲ್ಲಿ ನಿಮ್ಮ ಕನ್ನಡ ವ್ಯಾಖ್ಯಾನವನ್ನು ಬರೆಯಿರಿ,ka
829,4533,3.3.48_Part#1_भाष्यम्,Commentary - Write your English commentary here,en
830,4544,3.3.49_Part#1_भाष्यम्,ವ್ಯಾಖ್ಯಾನ - ಇಲ್ಲಿ ನಿಮ್ಮ ಕನ್ನಡ ವ್ಯಾಖ್ಯಾನವನ್ನು ಬರೆಯಿರಿ,ka
831,4544,3.3.49_Part#1_भाष्यम्,Commentary - Write your English commentary here,en
832,4555,3.3.50_Part#1_भाष्यम्,ವ್ಯಾಖ್ಯಾನ - ಇಲ್ಲಿ ನಿಮ್ಮ ಕನ್ನಡ ವ್ಯಾಖ್ಯಾನವನ್ನು ಬರೆಯಿರಿ,ka
833,4555,3.3.50_Part#1_भाष्यम्,Commentary - Write your English commentary here,en
834,4566,3.3.51_Part#1_भाष्यम्,ವ್ಯಾಖ್ಯಾನ - ಇಲ್ಲಿ ನಿಮ್ಮ ಕನ್ನಡ ವ್ಯಾಖ್ಯಾನವನ್ನು ಬರೆಯಿರಿ,ka
835,4566,3.3.51_Part#1_भाष्यम्,Commentary - Write your English commentary here,en
836,4577,3.3.52_Part#1_भाष्यम्,ವ್ಯಾಖ್ಯಾನ - ಇಲ್ಲಿ ನಿಮ್ಮ ಕನ್ನಡ ವ್ಯಾಖ್ಯಾನವನ್ನು ಬರೆಯಿರಿ,ka
837,4577,3.3.52_Part#1_भाष्यम्,Commentary - Write your English commentary here,en
838,4588,3.3.53_Part#1_भाष्यम्,ವ್ಯಾಖ್ಯಾನ - ಇಲ್ಲಿ ನಿಮ್ಮ ಕನ್ನಡ ವ್ಯಾಖ್ಯಾನವನ್ನು ಬರೆಯಿರಿ,ka
839,4588,3.3.53_Part#1_भाष्यम्,Commentary - Write your English commentary here,en
840,4599,3.3.54_Part#1_भाष्यम्,ವ್ಯಾಖ್ಯಾನ - ಇಲ್ಲಿ ನಿಮ್ಮ ಕನ್ನಡ ವ್ಯಾಖ್ಯಾನವನ್ನು ಬರೆಯಿರಿ,ka
841,4599,3.3.54_Part#1_भाष्यम्,Commentary - Write your English commentary here,en
842,4610,3.3.55_Part#1_भाष्यम्,ವ್ಯಾಖ್ಯಾನ - ಇಲ್ಲಿ ನಿಮ್ಮ ಕನ್ನಡ ವ್ಯಾಖ್ಯಾನವನ್ನು ಬರೆಯಿರಿ,ka
843,4610,3.3.55_Part#1_भाष्यम्,Commentary - Write your English commentary here,en
844,4621,3.3.56_Part#1_भाष्यम्,ವ್ಯಾಖ್ಯಾನ - ಇಲ್ಲಿ ನಿಮ್ಮ ಕನ್ನಡ ವ್ಯಾಖ್ಯಾನವನ್ನು ಬರೆಯಿರಿ,ka
845,4621,3.3.56_Part#1_भाष्यम्,Commentary - Write your English commentary here,en
846,4632,3.3.57_Part#1_भाष्यम्,ವ್ಯಾಖ್ಯಾನ - ಇಲ್ಲಿ ನಿಮ್ಮ ಕನ್ನಡ ವ್ಯಾಖ್ಯಾನವನ್ನು ಬರೆಯಿರಿ,ka
847,4632,3.3.57_Part#1_भाष्यम्,Commentary - Write your English commentary here,en
848,4643,3.3.58_Part#1_भाष्यम्,ವ್ಯಾಖ್ಯಾನ - ಇಲ್ಲಿ ನಿಮ್ಮ ಕನ್ನಡ ವ್ಯಾಖ್ಯಾನವನ್ನು ಬರೆಯಿರಿ,ka
849,4643,3.3.58_Part#1_भाष्यम्,Commentary - Write your English commentary here,en
850,4654,3.3.59_Part#1_भाष्यम्,ವ್ಯಾಖ್ಯಾನ - ಇಲ್ಲಿ ನಿಮ್ಮ ಕನ್ನಡ ವ್ಯಾಖ್ಯಾನವನ್ನು ಬರೆಯಿರಿ,ka
851,4654,3.3.59_Part#1_भाष्यम्,Commentary - Write your English commentary here,en
852,4665,3.3.60_Part#1_भाष्यम्,ವ್ಯಾಖ್ಯಾನ - ಇಲ್ಲಿ ನಿಮ್ಮ ಕನ್ನಡ ವ್ಯಾಖ್ಯಾನವನ್ನು ಬರೆಯಿರಿ,ka
853,4665,3.3.60_Part#1_भाष्यम्,Commentary - Write your English commentary here,en
854,4676,3.3.61_Part#1_भाष्यम्,ವ್ಯಾಖ್ಯಾನ - ಇಲ್ಲಿ ನಿಮ್ಮ ಕನ್ನಡ ವ್ಯಾಖ್ಯಾನವನ್ನು ಬರೆಯಿರಿ,ka
855,4676,3.3.61_Part#1_भाष्यम्,Commentary - Write your English commentary here,en
856,4687,3.3.62_Part#1_भाष्यम्,ವ್ಯಾಖ್ಯಾನ - ಇಲ್ಲಿ ನಿಮ್ಮ ಕನ್ನಡ ವ್ಯಾಖ್ಯಾನವನ್ನು ಬರೆಯಿರಿ,ka
857,4687,3.3.62_Part#1_भाष्यम्,Commentary - Write your English commentary here,en
858,4698,3.3.63_Part#1_भाष्यम्,ವ್ಯಾಖ್ಯಾನ - ಇಲ್ಲಿ ನಿಮ್ಮ ಕನ್ನಡ ವ್ಯಾಖ್ಯಾನವನ್ನು ಬರೆಯಿರಿ,ka
859,4698,3.3.63_Part#1_भाष्यम्,Commentary - Write your English commentary here,en
860,4709,3.3.64_Part#1_भाष्यम्,ವ್ಯಾಖ್ಯಾನ - ಇಲ್ಲಿ ನಿಮ್ಮ ಕನ್ನಡ ವ್ಯಾಖ್ಯಾನವನ್ನು ಬರೆಯಿರಿ,ka
861,4709,3.3.64_Part#1_भाष्यम्,Commentary - Write your English commentary here,en
862,4720,3.3.65_Part#1_भाष्यम्,ವ್ಯಾಖ್ಯಾನ - ಇಲ್ಲಿ ನಿಮ್ಮ ಕನ್ನಡ ವ್ಯಾಖ್ಯಾನವನ್ನು ಬರೆಯಿರಿ,ka
863,4720,3.3.65_Part#1_भाष्यम्,Commentary - Write your English commentary here,en
864,4731,3.3.66_Part#1_भाष्यम्,ವ್ಯಾಖ್ಯಾನ - ಇಲ್ಲಿ ನಿಮ್ಮ ಕನ್ನಡ ವ್ಯಾಖ್ಯಾನವನ್ನು ಬರೆಯಿರಿ,ka
865,4731,3.3.66_Part#1_भाष्यम्,Commentary - Write your English commentary here,en
866,4742,3.3.67_Part#1_भाष्यम्,ವ್ಯಾಖ್ಯಾನ - ಇಲ್ಲಿ ನಿಮ್ಮ ಕನ್ನಡ ವ್ಯಾಖ್ಯಾನವನ್ನು ಬರೆಯಿರಿ,ka
867,4742,3.3.67_Part#1_भाष्यम्,Commentary - Write your English commentary here,en
868,4753,3.3.68_Part#1_भाष्यम्,ವ್ಯಾಖ್ಯಾನ - ಇಲ್ಲಿ ನಿಮ್ಮ ಕನ್ನಡ ವ್ಯಾಖ್ಯಾನವನ್ನು ಬರೆಯಿರಿ,ka
869,4753,3.3.68_Part#1_भाष्यम्,Commentary - Write your English commentary here,en
870,4764,3.4.1_Part#1_भाष्यम्,ವ್ಯಾಖ್ಯಾನ - ಇಲ್ಲಿ ನಿಮ್ಮ ಕನ್ನಡ ವ್ಯಾಖ್ಯಾನವನ್ನು ಬರೆಯಿರಿ,ka
871,4764,3.4.1_Part#1_भाष्यम्,Commentary - Write your English commentary here,en
872,4775,3.4.2_Part#1_भाष्यम्,ವ್ಯಾಖ್ಯಾನ - ಇಲ್ಲಿ ನಿಮ್ಮ ಕನ್ನಡ ವ್ಯಾಖ್ಯಾನವನ್ನು ಬರೆಯಿರಿ,ka
873,4775,3.4.2_Part#1_भाष्यम्,Commentary - Write your English commentary here,en
874,4786,3.4.3_Part#1_भाष्यम्,ವ್ಯಾಖ್ಯಾನ - ಇಲ್ಲಿ ನಿಮ್ಮ ಕನ್ನಡ ವ್ಯಾಖ್ಯಾನವನ್ನು ಬರೆಯಿರಿ,ka
875,4786,3.4.3_Part#1_भाष्यम्,Commentary - Write your English commentary here,en
876,4797,3.4.4_Part#1_भाष्यम्,ವ್ಯಾಖ್ಯಾನ - ಇಲ್ಲಿ ನಿಮ್ಮ ಕನ್ನಡ ವ್ಯಾಖ್ಯಾನವನ್ನು ಬರೆಯಿರಿ,ka
877,4797,3.4.4_Part#1_भाष्यम्,Commentary - Write your English commentary here,en
878,4808,3.4.5_Part#1_भाष्यम्,ವ್ಯಾಖ್ಯಾನ - ಇಲ್ಲಿ ನಿಮ್ಮ ಕನ್ನಡ ವ್ಯಾಖ್ಯಾನವನ್ನು ಬರೆಯಿರಿ,ka
879,4808,3.4.5_Part#1_भाष्यम्,Commentary - Write your English commentary here,en
880,4819,3.4.6_Part#1_भाष्यम्,ವ್ಯಾಖ್ಯಾನ - ಇಲ್ಲಿ ನಿಮ್ಮ ಕನ್ನಡ ವ್ಯಾಖ್ಯಾನವನ್ನು ಬರೆಯಿರಿ,ka
881,4819,3.4.6_Part#1_भाष्यम्,Commentary - Write your English commentary here,en
882,4830,3.4.7_Part#1_भाष्यम्,ವ್ಯಾಖ್ಯಾನ - ಇಲ್ಲಿ ನಿಮ್ಮ ಕನ್ನಡ ವ್ಯಾಖ್ಯಾನವನ್ನು ಬರೆಯಿರಿ,ka
883,4830,3.4.7_Part#1_भाष्यम्,Commentary - Write your English commentary here,en
884,4841,3.4.8_Part#1_भाष्यम्,ವ್ಯಾಖ್ಯಾನ - ಇಲ್ಲಿ ನಿಮ್ಮ ಕನ್ನಡ ವ್ಯಾಖ್ಯಾನವನ್ನು ಬರೆಯಿರಿ,ka
885,4841,3.4.8_Part#1_भाष्यम्,Commentary - Write your English commentary here,en
886,4852,3.4.9_Part#1_भाष्यम्,ವ್ಯಾಖ್ಯಾನ - ಇಲ್ಲಿ ನಿಮ್ಮ ಕನ್ನಡ ವ್ಯಾಖ್ಯಾನವನ್ನು ಬರೆಯಿರಿ,ka
887,4852,3.4.9_Part#1_भाष्यम्,Commentary - Write your English commentary here,en
888,4863,3.4.10_Part#1_भाष्यम्,ವ್ಯಾಖ್ಯಾನ - ಇಲ್ಲಿ ನಿಮ್ಮ ಕನ್ನಡ ವ್ಯಾಖ್ಯಾನವನ್ನು ಬರೆಯಿರಿ,ka
889,4863,3.4.10_Part#1_भाष्यम्,Commentary - Write your English commentary here,en
890,4874,3.4.11_Part#1_भाष्यम्,ವ್ಯಾಖ್ಯಾನ - ಇಲ್ಲಿ ನಿಮ್ಮ ಕನ್ನಡ ವ್ಯಾಖ್ಯಾನವನ್ನು ಬರೆಯಿರಿ,ka
891,4874,3.4.11_Part#1_भाष्यम्,Commentary - Write your English commentary here,en
892,4885,3.4.12_Part#1_भाष्यम्,ವ್ಯಾಖ್ಯಾನ - ಇಲ್ಲಿ ನಿಮ್ಮ ಕನ್ನಡ ವ್ಯಾಖ್ಯಾನವನ್ನು ಬರೆಯಿರಿ,ka
893,4885,3.4.12_Part#1_भाष्यम्,Commentary - Write your English commentary here,en
894,4896,3.4.13_Part#1_भाष्यम्,ವ್ಯಾಖ್ಯಾನ - ಇಲ್ಲಿ ನಿಮ್ಮ ಕನ್ನಡ ವ್ಯಾಖ್ಯಾನವನ್ನು ಬರೆಯಿರಿ,ka
895,4896,3.4.13_Part#1_भाष्यम्,Commentary - Write your English commentary here,en
896,4907,3.4.14_Part#1_भाष्यम्,ವ್ಯಾಖ್ಯಾನ - ಇಲ್ಲಿ ನಿಮ್ಮ ಕನ್ನಡ ವ್ಯಾಖ್ಯಾನವನ್ನು ಬರೆಯಿರಿ,ka
897,4907,3.4.14_Part#1_भाष्यम्,Commentary - Write your English commentary here,en
898,4918,3.4.15_Part#1_भाष्यम्,ವ್ಯಾಖ್ಯಾನ - ಇಲ್ಲಿ ನಿಮ್ಮ ಕನ್ನಡ ವ್ಯಾಖ್ಯಾನವನ್ನು ಬರೆಯಿರಿ,ka
899,4918,3.4.15_Part#1_भाष्यम्,Commentary - Write your English commentary here,en
900,4929,3.4.16_Part#1_भाष्यम्,ವ್ಯಾಖ್ಯಾನ - ಇಲ್ಲಿ ನಿಮ್ಮ ಕನ್ನಡ ವ್ಯಾಖ್ಯಾನವನ್ನು ಬರೆಯಿರಿ,ka
901,4929,3.4.16_Part#1_भाष्यम्,Commentary - Write your English commentary here,en
902,4940,3.4.17_Part#1_भाष्यम्,ವ್ಯಾಖ್ಯಾನ - ಇಲ್ಲಿ ನಿಮ್ಮ ಕನ್ನಡ ವ್ಯಾಖ್ಯಾನವನ್ನು ಬರೆಯಿರಿ,ka
903,4940,3.4.17_Part#1_भाष्यम्,Commentary - Write your English commentary here,en
904,4951,3.4.18_Part#1_भाष्यम्,ವ್ಯಾಖ್ಯಾನ - ಇಲ್ಲಿ ನಿಮ್ಮ ಕನ್ನಡ ವ್ಯಾಖ್ಯಾನವನ್ನು ಬರೆಯಿರಿ,ka
905,4951,3.4.18_Part#1_भाष्यम्,Commentary - Write your English commentary here,en
906,4962,3.4.19_Part#1_भाष्यम्,ವ್ಯಾಖ್ಯಾನ - ಇಲ್ಲಿ ನಿಮ್ಮ ಕನ್ನಡ ವ್ಯಾಖ್ಯಾನವನ್ನು ಬರೆಯಿರಿ,ka
907,4962,3.4.19_Part#1_भाष्यम्,Commentary - Write your English commentary here,en
908,4973,3.4.20_Part#1_भाष्यम्,ವ್ಯಾಖ್ಯಾನ - ಇಲ್ಲಿ ನಿಮ್ಮ ಕನ್ನಡ ವ್ಯಾಖ್ಯಾನವನ್ನು ಬರೆಯಿರಿ,ka
909,4973,3.4.20_Part#1_भाष्यम्,Commentary - Write your English commentary here,en
910,4984,3.4.21_Part#1_भाष्यम्,ವ್ಯಾಖ್ಯಾನ - ಇಲ್ಲಿ ನಿಮ್ಮ ಕನ್ನಡ ವ್ಯಾಖ್ಯಾನವನ್ನು ಬರೆಯಿರಿ,ka
911,4984,3.4.21_Part#1_भाष्यम्,Commentary - Write your English commentary here,en
912,4995,3.4.22_Part#1_भाष्यम्,ವ್ಯಾಖ್ಯಾನ - ಇಲ್ಲಿ ನಿಮ್ಮ ಕನ್ನಡ ವ್ಯಾಖ್ಯಾನವನ್ನು ಬರೆಯಿರಿ,ka
913,4995,3.4.22_Part#1_भाष्यम्,Commentary - Write your English commentary here,en
914,5006,3.4.23_Part#1_भाष्यम्,ವ್ಯಾಖ್ಯಾನ - ಇಲ್ಲಿ ನಿಮ್ಮ ಕನ್ನಡ ವ್ಯಾಖ್ಯಾನವನ್ನು ಬರೆಯಿರಿ,ka
915,5006,3.4.23_Part#1_भाष्यम्,Commentary - Write your English commentary here,en
916,5017,3.4.24_Part#1_भाष्यम्,ವ್ಯಾಖ್ಯಾನ - ಇಲ್ಲಿ ನಿಮ್ಮ ಕನ್ನಡ ವ್ಯಾಖ್ಯಾನವನ್ನು ಬರೆಯಿರಿ,ka
917,5017,3.4.24_Part#1_भाष्यम्,Commentary - Write your English commentary here,en
918,5028,3.4.25_Part#1_भाष्यम्,ವ್ಯಾಖ್ಯಾನ - ಇಲ್ಲಿ ನಿಮ್ಮ ಕನ್ನಡ ವ್ಯಾಖ್ಯಾನವನ್ನು ಬರೆಯಿರಿ,ka
919,5028,3.4.25_Part#1_भाष्यम्,Commentary - Write your English commentary here,en
920,5039,3.4.26_Part#1_भाष्यम्,ವ್ಯಾಖ್ಯಾನ - ಇಲ್ಲಿ ನಿಮ್ಮ ಕನ್ನಡ ವ್ಯಾಖ್ಯಾನವನ್ನು ಬರೆಯಿರಿ,ka
921,5039,3.4.26_Part#1_भाष्यम्,Commentary - Write your English commentary here,en
922,5050,3.4.27_Part#1_भाष्यम्,ವ್ಯಾಖ್ಯಾನ - ಇಲ್ಲಿ ನಿಮ್ಮ ಕನ್ನಡ ವ್ಯಾಖ್ಯಾನವನ್ನು ಬರೆಯಿರಿ,ka
923,5050,3.4.27_Part#1_भाष्यम्,Commentary - Write your English commentary here,en
924,5061,3.4.28_Part#1_भाष्यम्,ವ್ಯಾಖ್ಯಾನ - ಇಲ್ಲಿ ನಿಮ್ಮ ಕನ್ನಡ ವ್ಯಾಖ್ಯಾನವನ್ನು ಬರೆಯಿರಿ,ka
925,5061,3.4.28_Part#1_भाष्यम्,Commentary - Write your English commentary here,en
926,5072,3.4.29_Part#1_भाष्यम्,ವ್ಯಾಖ್ಯಾನ - ಇಲ್ಲಿ ನಿಮ್ಮ ಕನ್ನಡ ವ್ಯಾಖ್ಯಾನವನ್ನು ಬರೆಯಿರಿ,ka
927,5072,3.4.29_Part#1_भाष्यम्,Commentary - Write your English commentary here,en
928,5083,3.4.30_Part#1_भाष्यम्,ವ್ಯಾಖ್ಯಾನ - ಇಲ್ಲಿ ನಿಮ್ಮ ಕನ್ನಡ ವ್ಯಾಖ್ಯಾನವನ್ನು ಬರೆಯಿರಿ,ka
929,5083,3.4.30_Part#1_भाष्यम्,Commentary - Write your English commentary here,en
930,5094,3.4.31_Part#1_भाष्यम्,ವ್ಯಾಖ್ಯಾನ - ಇಲ್ಲಿ ನಿಮ್ಮ ಕನ್ನಡ ವ್ಯಾಖ್ಯಾನವನ್ನು ಬರೆಯಿರಿ,ka
931,5094,3.4.31_Part#1_भाष्यम्,Commentary - Write your English commentary here,en
932,5105,3.4.32_Part#1_भाष्यम्,ವ್ಯಾಖ್ಯಾನ - ಇಲ್ಲಿ ನಿಮ್ಮ ಕನ್ನಡ ವ್ಯಾಖ್ಯಾನವನ್ನು ಬರೆಯಿರಿ,ka
933,5105,3.4.32_Part#1_भाष्यम्,Commentary - Write your English commentary here,en
934,5116,3.4.33_Part#1_भाष्यम्,ವ್ಯಾಖ್ಯಾನ - ಇಲ್ಲಿ ನಿಮ್ಮ ಕನ್ನಡ ವ್ಯಾಖ್ಯಾನವನ್ನು ಬರೆಯಿರಿ,ka
935,5116,3.4.33_Part#1_भाष्यम्,Commentary - Write your English commentary here,en
936,5127,3.4.34_Part#1_भाष्यम्,ವ್ಯಾಖ್ಯಾನ - ಇಲ್ಲಿ ನಿಮ್ಮ ಕನ್ನಡ ವ್ಯಾಖ್ಯಾನವನ್ನು ಬರೆಯಿರಿ,ka
937,5127,3.4.34_Part#1_भाष्यम्,Commentary - Write your English commentary here,en
938,5138,3.4.35_Part#1_भाष्यम्,ವ್ಯಾಖ್ಯಾನ - ಇಲ್ಲಿ ನಿಮ್ಮ ಕನ್ನಡ ವ್ಯಾಖ್ಯಾನವನ್ನು ಬರೆಯಿರಿ,ka
939,5138,3.4.35_Part#1_भाष्यम्,Commentary - Write your English commentary here,en
940,5149,3.4.36_Part#1_भाष्यम्,ವ್ಯಾಖ್ಯಾನ - ಇಲ್ಲಿ ನಿಮ್ಮ ಕನ್ನಡ ವ್ಯಾಖ್ಯಾನವನ್ನು ಬರೆಯಿರಿ,ka
941,5149,3.4.36_Part#1_भाष्यम्,Commentary - Write your English commentary here,en
942,5160,3.4.37_Part#1_भाष्यम्,ವ್ಯಾಖ್ಯಾನ - ಇಲ್ಲಿ ನಿಮ್ಮ ಕನ್ನಡ ವ್ಯಾಖ್ಯಾನವನ್ನು ಬರೆಯಿರಿ,ka
943,5160,3.4.37_Part#1_भाष्यम्,Commentary - Write your English commentary here,en
944,5171,3.4.38_Part#1_भाष्यम्,ವ್ಯಾಖ್ಯಾನ - ಇಲ್ಲಿ ನಿಮ್ಮ ಕನ್ನಡ ವ್ಯಾಖ್ಯಾನವನ್ನು ಬರೆಯಿರಿ,ka
945,5171,3.4.38_Part#1_भाष्यम्,Commentary - Write your English commentary here,en
946,5182,3.4.39_Part#1_भाष्यम्,ವ್ಯಾಖ್ಯಾನ - ಇಲ್ಲಿ ನಿಮ್ಮ ಕನ್ನಡ ವ್ಯಾಖ್ಯಾನವನ್ನು ಬರೆಯಿರಿ,ka
947,5182,3.4.39_Part#1_भाष्यम्,Commentary - Write your English commentary here,en
948,5193,3.4.40_Part#1_भाष्यम्,ವ್ಯಾಖ್ಯಾನ - ಇಲ್ಲಿ ನಿಮ್ಮ ಕನ್ನಡ ವ್ಯಾಖ್ಯಾನವನ್ನು ಬರೆಯಿರಿ,ka
949,5193,3.4.40_Part#1_भाष्यम्,Commentary - Write your English commentary here,en
950,5204,3.4.41_Part#1_भाष्यम्,ವ್ಯಾಖ್ಯಾನ - ಇಲ್ಲಿ ನಿಮ್ಮ ಕನ್ನಡ ವ್ಯಾಖ್ಯಾನವನ್ನು ಬರೆಯಿರಿ,ka
951,5204,3.4.41_Part#1_भाष्यम्,Commentary - Write your English commentary here,en
952,5215,3.4.42_Part#1_भाष्यम्,ವ್ಯಾಖ್ಯಾನ - ಇಲ್ಲಿ ನಿಮ್ಮ ಕನ್ನಡ ವ್ಯಾಖ್ಯಾನವನ್ನು ಬರೆಯಿರಿ,ka
953,5215,3.4.42_Part#1_भाष्यम्,Commentary - Write your English commentary here,en
954,5226,3.4.43_Part#1_भाष्यम्,ವ್ಯಾಖ್ಯಾನ - ಇಲ್ಲಿ ನಿಮ್ಮ ಕನ್ನಡ ವ್ಯಾಖ್ಯಾನವನ್ನು ಬರೆಯಿರಿ,ka
955,5226,3.4.43_Part#1_भाष्यम्,Commentary - Write your English commentary here,en
956,5237,3.4.44_Part#1_भाष्यम्,ವ್ಯಾಖ್ಯಾನ - ಇಲ್ಲಿ ನಿಮ್ಮ ಕನ್ನಡ ವ್ಯಾಖ್ಯಾನವನ್ನು ಬರೆಯಿರಿ,ka
957,5237,3.4.44_Part#1_भाष्यम्,Commentary - Write your English commentary here,en
958,5248,3.4.45_Part#1_भाष्यम्,ವ್ಯಾಖ್ಯಾನ - ಇಲ್ಲಿ ನಿಮ್ಮ ಕನ್ನಡ ವ್ಯಾಖ್ಯಾನವನ್ನು ಬರೆಯಿರಿ,ka
959,5248,3.4.45_Part#1_भाष्यम्,Commentary - Write your English commentary here,en
960,5259,3.4.49_Part#1_भाष्यम्,ವ್ಯಾಖ್ಯಾನ - ಇಲ್ಲಿ ನಿಮ್ಮ ಕನ್ನಡ ವ್ಯಾಖ್ಯಾನವನ್ನು ಬರೆಯಿರಿ,ka
961,5259,3.4.49_Part#1_भाष्यम्,Commentary - Write your English commentary here,en
962,5270,3.4.47_Part#1_भाष्यम्,ವ್ಯಾಖ್ಯಾನ - ಇಲ್ಲಿ ನಿಮ್ಮ ಕನ್ನಡ ವ್ಯಾಖ್ಯಾನವನ್ನು ಬರೆಯಿರಿ,ka
963,5270,3.4.47_Part#1_भाष्यम्,Commentary - Write your English commentary here,en
964,5281,3.4.48_Part#1_भाष्यम्,ವ್ಯಾಖ್ಯಾನ - ಇಲ್ಲಿ ನಿಮ್ಮ ಕನ್ನಡ ವ್ಯಾಖ್ಯಾನವನ್ನು ಬರೆಯಿರಿ,ka
965,5281,3.4.48_Part#1_भाष्यम्,Commentary - Write your English commentary here,en
966,5292,3.4.50_Part#1_भाष्यम्,ವ್ಯಾಖ್ಯಾನ - ಇಲ್ಲಿ ನಿಮ್ಮ ಕನ್ನಡ ವ್ಯಾಖ್ಯಾನವನ್ನು ಬರೆಯಿರಿ,ka
967,5292,3.4.50_Part#1_भाष्यम्,Commentary - Write your English commentary here,en
968,5303,3.4.51_Part#1_भाष्यम्,ವ್ಯಾಖ್ಯಾನ - ಇಲ್ಲಿ ನಿಮ್ಮ ಕನ್ನಡ ವ್ಯಾಖ್ಯಾನವನ್ನು ಬರೆಯಿರಿ,ka
969,5303,3.4.51_Part#1_भाष्यम्,Commentary - Write your English commentary here,en
970,5314,4.1.1_Part#1_भाष्यम्,ವ್ಯಾಖ್ಯಾನ - ಇಲ್ಲಿ ನಿಮ್ಮ ಕನ್ನಡ ವ್ಯಾಖ್ಯಾನವನ್ನು ಬರೆಯಿರಿ,ka
971,5314,4.1.1_Part#1_भाष्यम्,Commentary - Write your English commentary here,en
972,5325,4.1.2_Part#1_भाष्यम्,ವ್ಯಾಖ್ಯಾನ - ಇಲ್ಲಿ ನಿಮ್ಮ ಕನ್ನಡ ವ್ಯಾಖ್ಯಾನವನ್ನು ಬರೆಯಿರಿ,ka
973,5325,4.1.2_Part#1_भाष्यम्,Commentary - Write your English commentary here,en
974,5336,4.1.3_Part#1_भाष्यम्,ವ್ಯಾಖ್ಯಾನ - ಇಲ್ಲಿ ನಿಮ್ಮ ಕನ್ನಡ ವ್ಯಾಖ್ಯಾನವನ್ನು ಬರೆಯಿರಿ,ka
975,5336,4.1.3_Part#1_भाष्यम्,Commentary - Write your English commentary here,en
976,5347,4.1.4_Part#1_भाष्यम्,ವ್ಯಾಖ್ಯಾನ - ಇಲ್ಲಿ ನಿಮ್ಮ ಕನ್ನಡ ವ್ಯಾಖ್ಯಾನವನ್ನು ಬರೆಯಿರಿ,ka
977,5347,4.1.4_Part#1_भाष्यम्,Commentary - Write your English commentary here,en
978,5358,4.1.5_Part#1_भाष्यम्,ವ್ಯಾಖ್ಯಾನ - ಇಲ್ಲಿ ನಿಮ್ಮ ಕನ್ನಡ ವ್ಯಾಖ್ಯಾನವನ್ನು ಬರೆಯಿರಿ,ka
979,5358,4.1.5_Part#1_भाष्यम्,Commentary - Write your English commentary here,en
980,5369,4.1.6_Part#1_भाष्यम्,ವ್ಯಾಖ್ಯಾನ - ಇಲ್ಲಿ ನಿಮ್ಮ ಕನ್ನಡ ವ್ಯಾಖ್ಯಾನವನ್ನು ಬರೆಯಿರಿ,ka
981,5369,4.1.6_Part#1_भाष्यम्,Commentary - Write your English commentary here,en
982,5380,4.1.7_Part#1_भाष्यम्,ವ್ಯಾಖ್ಯಾನ - ಇಲ್ಲಿ ನಿಮ್ಮ ಕನ್ನಡ ವ್ಯಾಖ್ಯಾನವನ್ನು ಬರೆಯಿರಿ,ka
983,5380,4.1.7_Part#1_भाष्यम्,Commentary - Write your English commentary here,en
984,5391,4.1.8_Part#1_भाष्यम्,ವ್ಯಾಖ್ಯಾನ - ಇಲ್ಲಿ ನಿಮ್ಮ ಕನ್ನಡ ವ್ಯಾಖ್ಯಾನವನ್ನು ಬರೆಯಿರಿ,ka
985,5391,4.1.8_Part#1_भाष्यम्,Commentary - Write your English commentary here,en
986,5402,4.1.9_Part#1_भाष्यम्,ವ್ಯಾಖ್ಯಾನ - ಇಲ್ಲಿ ನಿಮ್ಮ ಕನ್ನಡ ವ್ಯಾಖ್ಯಾನವನ್ನು ಬರೆಯಿರಿ,ka
987,5402,4.1.9_Part#1_भाष्यम्,Commentary - Write your English commentary here,en
988,5413,4.1.10_Part#1_भाष्यम्,ವ್ಯಾಖ್ಯಾನ - ಇಲ್ಲಿ ನಿಮ್ಮ ಕನ್ನಡ ವ್ಯಾಖ್ಯಾನವನ್ನು ಬರೆಯಿರಿ,ka
989,5413,4.1.10_Part#1_भाष्यम्,Commentary - Write your English commentary here,en
990,5424,4.1.11_Part#1_भाष्यम्,ವ್ಯಾಖ್ಯಾನ - ಇಲ್ಲಿ ನಿಮ್ಮ ಕನ್ನಡ ವ್ಯಾಖ್ಯಾನವನ್ನು ಬರೆಯಿರಿ,ka
991,5424,4.1.11_Part#1_भाष्यम्,Commentary - Write your English commentary here,en
992,5435,4.1.12_Part#1_भाष्यम्,ವ್ಯಾಖ್ಯಾನ - ಇಲ್ಲಿ ನಿಮ್ಮ ಕನ್ನಡ ವ್ಯಾಖ್ಯಾನವನ್ನು ಬರೆಯಿರಿ,ka
993,5435,4.1.12_Part#1_भाष्यम्,Commentary - Write your English commentary here,en
994,5446,4.1.13_Part#1_भाष्यम्,ವ್ಯಾಖ್ಯಾನ - ಇಲ್ಲಿ ನಿಮ್ಮ ಕನ್ನಡ ವ್ಯಾಖ್ಯಾನವನ್ನು ಬರೆಯಿರಿ,ka
995,5446,4.1.13_Part#1_भाष्यम्,Commentary - Write your English commentary here,en
996,5457,4.1.14_Part#1_भाष्यम्,ವ್ಯಾಖ್ಯಾನ - ಇಲ್ಲಿ ನಿಮ್ಮ ಕನ್ನಡ ವ್ಯಾಖ್ಯಾನವನ್ನು ಬರೆಯಿರಿ,ka
997,5457,4.1.14_Part#1_भाष्यम्,Commentary - Write your English commentary here,en
998,5468,4.1.15_Part#1_भाष्यम्,ವ್ಯಾಖ್ಯಾನ - ಇಲ್ಲಿ ನಿಮ್ಮ ಕನ್ನಡ ವ್ಯಾಖ್ಯಾನವನ್ನು ಬರೆಯಿರಿ,ka
999,5468,4.1.15_Part#1_भाष्यम्,Commentary - Write your English commentary here,en
1000,5479,4.1.16_Part#1_भाष्यम्,ವ್ಯಾಖ್ಯಾನ - ಇಲ್ಲಿ ನಿಮ್ಮ ಕನ್ನಡ ವ್ಯಾಖ್ಯಾನವನ್ನು ಬರೆಯಿರಿ,ka
1001,5479,4.1.16_Part#1_भाष्यम्,Commentary - Write your English commentary here,en
1002,5490,4.1.17_Part#1_भाष्यम्,ವ್ಯಾಖ್ಯಾನ - ಇಲ್ಲಿ ನಿಮ್ಮ ಕನ್ನಡ ವ್ಯಾಖ್ಯಾನವನ್ನು ಬರೆಯಿರಿ,ka
1003,5490,4.1.17_Part#1_भाष्यम्,Commentary - Write your English commentary here,en
1004,5501,4.1.18_Part#1_भाष्यम्,ವ್ಯಾಖ್ಯಾನ - ಇಲ್ಲಿ ನಿಮ್ಮ ಕನ್ನಡ ವ್ಯಾಖ್ಯಾನವನ್ನು ಬರೆಯಿರಿ,ka
1005,5501,4.1.18_Part#1_भाष्यम्,Commentary - Write your English commentary here,en
1006,5512,4.1.19_Part#1_भाष्यम्,ವ್ಯಾಖ್ಯಾನ - ಇಲ್ಲಿ ನಿಮ್ಮ ಕನ್ನಡ ವ್ಯಾಖ್ಯಾನವನ್ನು ಬರೆಯಿರಿ,ka
1007,5512,4.1.19_Part#1_भाष्यम्,Commentary - Write your English commentary here,en
1008,5523,4.2.1_Part#1_भाष्यम्,ವ್ಯಾಖ್ಯಾನ - ಇಲ್ಲಿ ನಿಮ್ಮ ಕನ್ನಡ ವ್ಯಾಖ್ಯಾನವನ್ನು ಬರೆಯಿರಿ,ka
1009,5523,4.2.1_Part#1_भाष्यम्,Commentary - Write your English commentary here,en
1010,5534,4.2.2_Part#1_भाष्यम्,ವ್ಯಾಖ್ಯಾನ - ಇಲ್ಲಿ ನಿಮ್ಮ ಕನ್ನಡ ವ್ಯಾಖ್ಯಾನವನ್ನು ಬರೆಯಿರಿ,ka
1011,5534,4.2.2_Part#1_भाष्यम्,Commentary - Write your English commentary here,en
1012,5545,4.2.3_Part#1_भाष्यम्,ವ್ಯಾಖ್ಯಾನ - ಇಲ್ಲಿ ನಿಮ್ಮ ಕನ್ನಡ ವ್ಯಾಖ್ಯಾನವನ್ನು ಬರೆಯಿರಿ,ka
1013,5545,4.2.3_Part#1_भाष्यम्,Commentary - Write your English commentary here,en
1014,5556,4.2.4_Part#1_भाष्यम्,ವ್ಯಾಖ್ಯಾನ - ಇಲ್ಲಿ ನಿಮ್ಮ ಕನ್ನಡ ವ್ಯಾಖ್ಯಾನವನ್ನು ಬರೆಯಿರಿ,ka
1015,5556,4.2.4_Part#1_भाष्यम्,Commentary - Write your English commentary here,en
1016,5567,4.2.5_Part#1_भाष्यम्,ವ್ಯಾಖ್ಯಾನ - ಇಲ್ಲಿ ನಿಮ್ಮ ಕನ್ನಡ ವ್ಯಾಖ್ಯಾನವನ್ನು ಬರೆಯಿರಿ,ka
1017,5567,4.2.5_Part#1_भाष्यम्,Commentary - Write your English commentary here,en
1018,5578,4.2.6_Part#1_भाष्यम्,ವ್ಯಾಖ್ಯಾನ - ಇಲ್ಲಿ ನಿಮ್ಮ ಕನ್ನಡ ವ್ಯಾಖ್ಯಾನವನ್ನು ಬರೆಯಿರಿ,ka
1019,5578,4.2.6_Part#1_भाष्यम्,Commentary - Write your English commentary here,en
1020,5589,4.2.7_Part#1_भाष्यम्,ವ್ಯಾಖ್ಯಾನ - ಇಲ್ಲಿ ನಿಮ್ಮ ಕನ್ನಡ ವ್ಯಾಖ್ಯಾನವನ್ನು ಬರೆಯಿರಿ,ka
1021,5589,4.2.7_Part#1_भाष्यम्,Commentary - Write your English commentary here,en
1022,5600,4.2.8_Part#1_भाष्यम्,ವ್ಯಾಖ್ಯಾನ - ಇಲ್ಲಿ ನಿಮ್ಮ ಕನ್ನಡ ವ್ಯಾಖ್ಯಾನವನ್ನು ಬರೆಯಿರಿ,ka
1023,5600,4.2.8_Part#1_भाष्यम्,Commentary - Write your English commentary here,en
1024,5611,4.2.9_Part#1_भाष्यम्,ವ್ಯಾಖ್ಯಾನ - ಇಲ್ಲಿ ನಿಮ್ಮ ಕನ್ನಡ ವ್ಯಾಖ್ಯಾನವನ್ನು ಬರೆಯಿರಿ,ka
1025,5611,4.2.9_Part#1_भाष्यम्,Commentary - Write your English commentary here,en
1026,5622,4.2.10_Part#1_भाष्यम्,ವ್ಯಾಖ್ಯಾನ - ಇಲ್ಲಿ ನಿಮ್ಮ ಕನ್ನಡ ವ್ಯಾಖ್ಯಾನವನ್ನು ಬರೆಯಿರಿ,ka
1027,5622,4.2.10_Part#1_भाष्यम्,Commentary - Write your English commentary here,en
1028,5633,4.2.11_Part#1_भाष्यम्,ವ್ಯಾಖ್ಯಾನ - ಇಲ್ಲಿ ನಿಮ್ಮ ಕನ್ನಡ ವ್ಯಾಖ್ಯಾನವನ್ನು ಬರೆಯಿರಿ,ka
1029,5633,4.2.11_Part#1_भाष्यम्,Commentary - Write your English commentary here,en
1030,5644,4.2.12_Part#1_भाष्यम्,ವ್ಯಾಖ್ಯಾನ - ಇಲ್ಲಿ ನಿಮ್ಮ ಕನ್ನಡ ವ್ಯಾಖ್ಯಾನವನ್ನು ಬರೆಯಿರಿ,ka
1031,5644,4.2.12_Part#1_भाष्यम्,Commentary - Write your English commentary here,en
1032,5655,4.2.13_Part#1_भाष्यम्,ವ್ಯಾಖ್ಯಾನ - ಇಲ್ಲಿ ನಿಮ್ಮ ಕನ್ನಡ ವ್ಯಾಖ್ಯಾನವನ್ನು ಬರೆಯಿರಿ,ka
1033,5655,4.2.13_Part#1_भाष्यम्,Commentary - Write your English commentary here,en
1034,5666,4.2.14_Part#1_भाष्यम्,ವ್ಯಾಖ್ಯಾನ - ಇಲ್ಲಿ ನಿಮ್ಮ ಕನ್ನಡ ವ್ಯಾಖ್ಯಾನವನ್ನು ಬರೆಯಿರಿ,ka
1035,5666,4.2.14_Part#1_भाष्यम्,Commentary - Write your English commentary here,en
1036,5677,4.2.15_Part#1_भाष्यम्,ವ್ಯಾಖ್ಯಾನ - ಇಲ್ಲಿ ನಿಮ್ಮ ಕನ್ನಡ ವ್ಯಾಖ್ಯಾನವನ್ನು ಬರೆಯಿರಿ,ka
1037,5677,4.2.15_Part#1_भाष्यम्,Commentary - Write your English commentary here,en
1038,5688,4.2.16_Part#1_भाष्यम्,ವ್ಯಾಖ್ಯಾನ - ಇಲ್ಲಿ ನಿಮ್ಮ ಕನ್ನಡ ವ್ಯಾಖ್ಯಾನವನ್ನು ಬರೆಯಿರಿ,ka
1039,5688,4.2.16_Part#1_भाष्यम्,Commentary - Write your English commentary here,en
1040,5699,4.2.17_Part#1_भाष्यम्,ವ್ಯಾಖ್ಯಾನ - ಇಲ್ಲಿ ನಿಮ್ಮ ಕನ್ನಡ ವ್ಯಾಖ್ಯಾನವನ್ನು ಬರೆಯಿರಿ,ka
1041,5699,4.2.17_Part#1_भाष्यम्,Commentary - Write your English commentary here,en
1042,5710,4.2.18_Part#1_भाष्यम्,ವ್ಯಾಖ್ಯಾನ - ಇಲ್ಲಿ ನಿಮ್ಮ ಕನ್ನಡ ವ್ಯಾಖ್ಯಾನವನ್ನು ಬರೆಯಿರಿ,ka
1043,5710,4.2.18_Part#1_भाष्यम्,Commentary - Write your English commentary here,en
1044,5721,4.2.19_Part#1_भाष्यम्,ವ್ಯಾಖ್ಯಾನ - ಇಲ್ಲಿ ನಿಮ್ಮ ಕನ್ನಡ ವ್ಯಾಖ್ಯಾನವನ್ನು ಬರೆಯಿರಿ,ka
1045,5721,4.2.19_Part#1_भाष्यम्,Commentary - Write your English commentary here,en
1046,5732,4.2.20_Part#1_भाष्यम्,ವ್ಯಾಖ್ಯಾನ - ಇಲ್ಲಿ ನಿಮ್ಮ ಕನ್ನಡ ವ್ಯಾಖ್ಯಾನವನ್ನು ಬರೆಯಿರಿ,ka
1047,5732,4.2.20_Part#1_भाष्यम्,Commentary - Write your English commentary here,en
1048,5743,4.2.21_Part#1_भाष्यम्,ವ್ಯಾಖ್ಯಾನ - ಇಲ್ಲಿ ನಿಮ್ಮ ಕನ್ನಡ ವ್ಯಾಖ್ಯಾನವನ್ನು ಬರೆಯಿರಿ,ka
1049,5743,4.2.21_Part#1_भाष्यम्,Commentary - Write your English commentary here,en
1050,5754,4.2.22_Part#1_भाष्यम्,ವ್ಯಾಖ್ಯಾನ - ಇಲ್ಲಿ ನಿಮ್ಮ ಕನ್ನಡ ವ್ಯಾಖ್ಯಾನವನ್ನು ಬರೆಯಿರಿ,ka
1051,5754,4.2.22_Part#1_भाष्यम्,Commentary - Write your English commentary here,en
1052,5765,4.3.1_Part#1_भाष्यम्,ವ್ಯಾಖ್ಯಾನ - ಇಲ್ಲಿ ನಿಮ್ಮ ಕನ್ನಡ ವ್ಯಾಖ್ಯಾನವನ್ನು ಬರೆಯಿರಿ,ka
1053,5765,4.3.1_Part#1_भाष्यम्,Commentary - Write your English commentary here,en
1054,5776,4.3.2_Part#1_भाष्यम्,ವ್ಯಾಖ್ಯಾನ - ಇಲ್ಲಿ ನಿಮ್ಮ ಕನ್ನಡ ವ್ಯಾಖ್ಯಾನವನ್ನು ಬರೆಯಿರಿ,ka
1055,5776,4.3.2_Part#1_भाष्यम्,Commentary - Write your English commentary here,en
1056,5787,4.3.3_Part#1_भाष्यम्,ವ್ಯಾಖ್ಯಾನ - ಇಲ್ಲಿ ನಿಮ್ಮ ಕನ್ನಡ ವ್ಯಾಖ್ಯಾನವನ್ನು ಬರೆಯಿರಿ,ka
1057,5787,4.3.3_Part#1_भाष्यम्,Commentary - Write your English commentary here,en
1058,5798,4.3.4_Part#1_भाष्यम्,ವ್ಯಾಖ್ಯಾನ - ಇಲ್ಲಿ ನಿಮ್ಮ ಕನ್ನಡ ವ್ಯಾಖ್ಯಾನವನ್ನು ಬರೆಯಿರಿ,ka
1059,5798,4.3.4_Part#1_भाष्यम्,Commentary - Write your English commentary here,en
1060,5809,4.3.5_Part#1_भाष्यम्,ವ್ಯಾಖ್ಯಾನ - ಇಲ್ಲಿ ನಿಮ್ಮ ಕನ್ನಡ ವ್ಯಾಖ್ಯಾನವನ್ನು ಬರೆಯಿರಿ,ka
1061,5809,4.3.5_Part#1_भाष्यम्,Commentary - Write your English commentary here,en
1062,5820,4.3.6_Part#1_भाष्यम्,ವ್ಯಾಖ್ಯಾನ - ಇಲ್ಲಿ ನಿಮ್ಮ ಕನ್ನಡ ವ್ಯಾಖ್ಯಾನವನ್ನು ಬರೆಯಿರಿ,ka
1063,5820,4.3.6_Part#1_भाष्यम्,Commentary - Write your English commentary here,en
1064,5831,4.3.7_Part#1_भाष्यम्,ವ್ಯಾಖ್ಯಾನ - ಇಲ್ಲಿ ನಿಮ್ಮ ಕನ್ನಡ ವ್ಯಾಖ್ಯಾನವನ್ನು ಬರೆಯಿರಿ,ka
1065,5831,4.3.7_Part#1_भाष्यम्,Commentary - Write your English commentary here,en
1066,5842,4.3.8_Part#1_भाष्यम्,ವ್ಯಾಖ್ಯಾನ - ಇಲ್ಲಿ ನಿಮ್ಮ ಕನ್ನಡ ವ್ಯಾಖ್ಯಾನವನ್ನು ಬರೆಯಿರಿ,ka
1067,5842,4.3.8_Part#1_भाष्यम्,Commentary - Write your English commentary here,en
1068,5853,4.3.9_Part#1_भाष्यम्,ವ್ಯಾಖ್ಯಾನ - ಇಲ್ಲಿ ನಿಮ್ಮ ಕನ್ನಡ ವ್ಯಾಖ್ಯಾನವನ್ನು ಬರೆಯಿರಿ,ka
1069,5853,4.3.9_Part#1_भाष्यम्,Commentary - Write your English commentary here,en
1070,5864,4.3.10_Part#1_भाष्यम्,ವ್ಯಾಖ್ಯಾನ - ಇಲ್ಲಿ ನಿಮ್ಮ ಕನ್ನಡ ವ್ಯಾಖ್ಯಾನವನ್ನು ಬರೆಯಿರಿ,ka
1071,5864,4.3.10_Part#1_भाष्यम्,Commentary - Write your English commentary here,en
1072,5875,4.3.11_Part#1_भाष्यम्,ವ್ಯಾಖ್ಯಾನ - ಇಲ್ಲಿ ನಿಮ್ಮ ಕನ್ನಡ ವ್ಯಾಖ್ಯಾನವನ್ನು ಬರೆಯಿರಿ,ka
1073,5875,4.3.11_Part#1_भाष्यम्,Commentary - Write your English commentary here,en
1074,5886,4.3.12_Part#1_भाष्यम्,ವ್ಯಾಖ್ಯಾನ - ಇಲ್ಲಿ ನಿಮ್ಮ ಕನ್ನಡ ವ್ಯಾಖ್ಯಾನವನ್ನು ಬರೆಯಿರಿ,ka
1075,5886,4.3.12_Part#1_भाष्यम्,Commentary - Write your English commentary here,en
1076,5897,4.3.13_Part#1_भाष्यम्,ವ್ಯಾಖ್ಯಾನ - ಇಲ್ಲಿ ನಿಮ್ಮ ಕನ್ನಡ ವ್ಯಾಖ್ಯಾನವನ್ನು ಬರೆಯಿರಿ,ka
1077,5897,4.3.13_Part#1_भाष्यम्,Commentary - Write your English commentary here,en
1078,5908,4.3.14_Part#1_भाष्यम्,ವ್ಯಾಖ್ಯಾನ - ಇಲ್ಲಿ ನಿಮ್ಮ ಕನ್ನಡ ವ್ಯಾಖ್ಯಾನವನ್ನು ಬರೆಯಿರಿ,ka
1079,5908,4.3.14_Part#1_भाष्यम्,Commentary - Write your English commentary here,en
1080,5919,4.3.15_Part#1_भाष्यम्,ವ್ಯಾಖ್ಯಾನ - ಇಲ್ಲಿ ನಿಮ್ಮ ಕನ್ನಡ ವ್ಯಾಖ್ಯಾನವನ್ನು ಬರೆಯಿರಿ,ka
1081,5919,4.3.15_Part#1_भाष्यम्,Commentary - Write your English commentary here,en
1082,5930,4.3.16_Part#1_भाष्यम्,ವ್ಯಾಖ್ಯಾನ - ಇಲ್ಲಿ ನಿಮ್ಮ ಕನ್ನಡ ವ್ಯಾಖ್ಯಾನವನ್ನು ಬರೆಯಿರಿ,ka
1083,5930,4.3.16_Part#1_भाष्यम्,Commentary - Write your English commentary here,en
1084,5941,4.4.1_Part#1_भाष्यम्,ವ್ಯಾಖ್ಯಾನ - ಇಲ್ಲಿ ನಿಮ್ಮ ಕನ್ನಡ ವ್ಯಾಖ್ಯಾನವನ್ನು ಬರೆಯಿರಿ,ka
1085,5941,4.4.1_Part#1_भाष्यम्,Commentary - Write your English commentary here,en
1086,5952,4.4.2_Part#1_भाष्यम्,ವ್ಯಾಖ್ಯಾನ - ಇಲ್ಲಿ ನಿಮ್ಮ ಕನ್ನಡ ವ್ಯಾಖ್ಯಾನವನ್ನು ಬರೆಯಿರಿ,ka
1087,5952,4.4.2_Part#1_भाष्यम्,Commentary - Write your English commentary here,en
1088,5963,4.4.3_Part#1_भाष्यम्,ವ್ಯಾಖ್ಯಾನ - ಇಲ್ಲಿ ನಿಮ್ಮ ಕನ್ನಡ ವ್ಯಾಖ್ಯಾನವನ್ನು ಬರೆಯಿರಿ,ka
1089,5963,4.4.3_Part#1_भाष्यम्,Commentary - Write your English commentary here,en
1090,5974,4.4.4_Part#1_भाष्यम्,ವ್ಯಾಖ್ಯಾನ - ಇಲ್ಲಿ ನಿಮ್ಮ ಕನ್ನಡ ವ್ಯಾಖ್ಯಾನವನ್ನು ಬರೆಯಿರಿ,ka
1091,5974,4.4.4_Part#1_भाष्यम्,Commentary - Write your English commentary here,en
1092,5985,4.4.5_Part#1_भाष्यम्,ವ್ಯಾಖ್ಯಾನ - ಇಲ್ಲಿ ನಿಮ್ಮ ಕನ್ನಡ ವ್ಯಾಖ್ಯಾನವನ್ನು ಬರೆಯಿರಿ,ka
1093,5985,4.4.5_Part#1_भाष्यम्,Commentary - Write your English commentary here,en
1094,5996,4.4.6_Part#1_भाष्यम्,ವ್ಯಾಖ್ಯಾನ - ಇಲ್ಲಿ ನಿಮ್ಮ ಕನ್ನಡ ವ್ಯಾಖ್ಯಾನವನ್ನು ಬರೆಯಿರಿ,ka
1095,5996,4.4.6_Part#1_भाष्यम्,Commentary - Write your English commentary here,en
1096,6007,4.4.7_Part#1_भाष्यम्,ವ್ಯಾಖ್ಯಾನ - ಇಲ್ಲಿ ನಿಮ್ಮ ಕನ್ನಡ ವ್ಯಾಖ್ಯಾನವನ್ನು ಬರೆಯಿರಿ,ka
1097,6007,4.4.7_Part#1_भाष्यम्,Commentary - Write your English commentary here,en
1098,6018,4.4.8_Part#1_भाष्यम्,ವ್ಯಾಖ್ಯಾನ - ಇಲ್ಲಿ ನಿಮ್ಮ ಕನ್ನಡ ವ್ಯಾಖ್ಯಾನವನ್ನು ಬರೆಯಿರಿ,ka
1099,6018,4.4.8_Part#1_भाष्यम्,Commentary - Write your English commentary here,en
1100,6029,4.4.9_Part#1_भाष्यम्,ವ್ಯಾಖ್ಯಾನ - ಇಲ್ಲಿ ನಿಮ್ಮ ಕನ್ನಡ ವ್ಯಾಖ್ಯಾನವನ್ನು ಬರೆಯಿರಿ,ka
1101,6029,4.4.9_Part#1_भाष्यम्,Commentary - Write your English commentary here,en
1102,6040,4.4.10_Part#1_भाष्यम्,ವ್ಯಾಖ್ಯಾನ - ಇಲ್ಲಿ ನಿಮ್ಮ ಕನ್ನಡ ವ್ಯಾಖ್ಯಾನವನ್ನು ಬರೆಯಿರಿ,ka
1103,6040,4.4.10_Part#1_भाष्यम्,Commentary - Write your English commentary here,en
1104,6051,4.4.11_Part#1_भाष्यम्,ವ್ಯಾಖ್ಯಾನ - ಇಲ್ಲಿ ನಿಮ್ಮ ಕನ್ನಡ ವ್ಯಾಖ್ಯಾನವನ್ನು ಬರೆಯಿರಿ,ka
1105,6051,4.4.11_Part#1_भाष्यम्,Commentary - Write your English commentary here,en
1106,6062,4.4.12_Part#1_भाष्यम्,ವ್ಯಾಖ್ಯಾನ - ಇಲ್ಲಿ ನಿಮ್ಮ ಕನ್ನಡ ವ್ಯಾಖ್ಯಾನವನ್ನು ಬರೆಯಿರಿ,ka
1107,6062,4.4.12_Part#1_भाष्यम्,Commentary - Write your English commentary here,en
1108,6073,4.4.13_Part#1_भाष्यम्,ವ್ಯಾಖ್ಯಾನ - ಇಲ್ಲಿ ನಿಮ್ಮ ಕನ್ನಡ ವ್ಯಾಖ್ಯಾನವನ್ನು ಬರೆಯಿರಿ,ka
1109,6073,4.4.13_Part#1_भाष्यम्,Commentary - Write your English commentary here,en
1110,6084,4.4.14_Part#1_भाष्यम्,ವ್ಯಾಖ್ಯಾನ - ಇಲ್ಲಿ ನಿಮ್ಮ ಕನ್ನಡ ವ್ಯಾಖ್ಯಾನವನ್ನು ಬರೆಯಿರಿ,ka
1111,6084,4.4.14_Part#1_भाष्यम्,Commentary - Write your English commentary here,en
1112,6095,4.4.15_Part#1_भाष्यम्,ವ್ಯಾಖ್ಯಾನ - ಇಲ್ಲಿ ನಿಮ್ಮ ಕನ್ನಡ ವ್ಯಾಖ್ಯಾನವನ್ನು ಬರೆಯಿರಿ,ka
1113,6095,4.4.15_Part#1_भाष्यम्,Commentary - Write your English commentary here,en
1114,6106,4.4.16_Part#1_भाष्यम्,ವ್ಯಾಖ್ಯಾನ - ಇಲ್ಲಿ ನಿಮ್ಮ ಕನ್ನಡ ವ್ಯಾಖ್ಯಾನವನ್ನು ಬರೆಯಿರಿ,ka
1115,6106,4.4.16_Part#1_भाष्यम्,Commentary - Write your English commentary here,en
1116,6117,4.4.17_Part#1_भाष्यम्,ವ್ಯಾಖ್ಯಾನ - ಇಲ್ಲಿ ನಿಮ್ಮ ಕನ್ನಡ ವ್ಯಾಖ್ಯಾನವನ್ನು ಬರೆಯಿರಿ,ka
1117,6117,4.4.17_Part#1_भाष्यम्,Commentary - Write your English commentary here,en
1118,6128,4.4.18_Part#1_भाष्यम्,ವ್ಯಾಖ್ಯಾನ - ಇಲ್ಲಿ ನಿಮ್ಮ ಕನ್ನಡ ವ್ಯಾಖ್ಯಾನವನ್ನು ಬರೆಯಿರಿ,ka
1119,6128,4.4.18_Part#1_भाष्यम्,Commentary - Write your English commentary here,en
1120,6139,4.4.19_Part#1_भाष्यम्,ವ್ಯಾಖ್ಯಾನ - ಇಲ್ಲಿ ನಿಮ್ಮ ಕನ್ನಡ ವ್ಯಾಖ್ಯಾನವನ್ನು ಬರೆಯಿರಿ,ka
1121,6139,4.4.19_Part#1_भाष्यम्,Commentary - Write your English commentary here,en
1122,6150,4.4.20_Part#1_भाष्यम्,ವ್ಯಾಖ್ಯಾನ - ಇಲ್ಲಿ ನಿಮ್ಮ ಕನ್ನಡ ವ್ಯಾಖ್ಯಾನವನ್ನು ಬರೆಯಿರಿ,ka
1123,6150,4.4.20_Part#1_भाष्यम्,Commentary - Write your English commentary here,en
1124,6161,4.4.21_Part#1_भाष्यम्,ವ್ಯಾಖ್ಯಾನ - ಇಲ್ಲಿ ನಿಮ್ಮ ಕನ್ನಡ ವ್ಯಾಖ್ಯಾನವನ್ನು ಬರೆಯಿರಿ,ka
1125,6161,4.4.21_Part#1_भाष्यम्,Commentary - Write your English commentary here,en
1126,6172,4.4.22_Part#1_भाष्यम्,ವ್ಯಾಖ್ಯಾನ - ಇಲ್ಲಿ ನಿಮ್ಮ ಕನ್ನಡ ವ್ಯಾಖ್ಯಾನವನ್ನು ಬರೆಯಿರಿ,ka
1127,6172,4.4.22_Part#1_भाष्यम्,Commentary - Write your English commentary here,en
1128,6183,4.4.23_Part#1_भाष्यम्,ವ್ಯಾಖ್ಯಾನ - ಇಲ್ಲಿ ನಿಮ್ಮ ಕನ್ನಡ ವ್ಯಾಖ್ಯಾನವನ್ನು ಬರೆಯಿರಿ,ka
1129,6183,4.4.23_Part#1_भाष्यम्,Commentary - Write your English commentary here,en